Incident_ID,weapontype,City_Lat,City_Lon
19700105DCHIW,Handgun,38.8950368,-77.0365427
19700105DCSOW,Handgun,38.8950368,-77.0365427
19700105DCUNW,Handgun,38.8950368,-77.0365427
19700206OHJOC,Handgun,41.4996574,-81.6936772
19700323CADAL,Handgun,33.7690164,-118.191604
19700415ARPIP,Handgun,34.2157064,-92.0140402
19700422DEPIW,Handgun,39.7459468,-75.546589
19700508FLCAD,Handgun,26.4614625,-80.0728201
19700515UTBEO,Handgun,41.2230048,-111.9738429
19700828TXRIE,Handgun,31.7328638,-106.3728033
19700831FLALM,Rifle,25.7741728,-80.19362
19700914TNHAN,Rifle,36.095567,-86.8011251
19700924IDMEM,Handgun,43.6086295,-116.392326
19700928IACED,No Data,41.5235808,-90.5770967
19701005MIPOD,Handgun,42.3315509,-83.0466403
19701019TNBOM,Handgun,35.1185491,-89.904645
19701020TNWAN,Handgun,36.095567,-86.8011251
19701027OHAPM,Handgun,40.75839,-82.5154471
19701120ILHAC,Handgun,,
19701212WIXAA,Handgun,44.2496103,-88.433855
19710202PAMOP,Handgun,39.9527237,-75.1635262
19710205PAJOW,Handgun,40.705896,-78.003616
19710210TXOAD,Shotgun,32.7810789,-96.690261
19710225OHFRC,Rifle,41.4996574,-81.6936772
19710309AZROT,Handgun,32.3110186,-111.083003
19710405PAWIH,Handgun,40.2663107,-76.8861122
19710527MIBES,Handgun,41.9031963,-85.5356726
19710602NYEAE,Handgun,42.7689141,-78.6177611
19710820PAMOM,Handgun,40.1484053,-79.8878254
19710909TXDUL,Handgun,33.5855677,-101.8470215
19710924NYMCB,Handgun,42.8867166,-78.8783922
19710928MNCEM,No Data,44.9772995,-93.2654692
19710929VAPEP,Handgun,37.227928,-77.4019268
19711028MDCIB,Handgun,39.2908816,-76.610759
19711029MDFOB,Rifle,39.2908816,-76.610759
19711029MDFRB,Handgun,39.2908816,-76.610759
19711103NMCAC,Rifle,32.4257456,-104.237612
19711108OKGRT,Handgun,36.1563122,-95.9927516
19711124MDEDB,Handgun,39.2908816,-76.610759
19711206CALOL,Handgun,34.0536909,-118.242766
19711213MDCAB,Handgun,39.2908816,-76.610759
19720105DCPAW,Handgun,38.8950368,-77.0365427
19720124OHSTS,Handgun,41.1596261,-81.4406258
19720126MDGWB,Handgun,39.2908816,-76.610759
19720126MDHAB,Rifle,39.2908816,-76.610759
19720214ILCAC,Handgun,41.8755616,-87.6244212
19720215ILKEC,Handgun,41.8755616,-87.6244212
19720228CAMAL,Handgun,34.0536909,-118.242766
19720313TXUNH,Handgun,29.8132853,-95.3346658
19720412LAEAG,No Data,30.2385294,-90.9200987
19720504NVLIR,Handgun,39.5261206,-119.8126581
19720505INDEI,Handgun,39.7683331,-86.1583502
19720914TXFRH,Handgun,29.8132853,-95.3346658
19720915MISAS,No Data,,
19720919TXCUH,Handgun,29.7589382,-95.3676974
19720921OHTHA,Handgun,41.083064,-81.518485
19721111CAJEL,No Data,34.0536909,-118.242766
19721127MIPOP,No Data,42.6389216,-83.2910468
19721129FLMIM,No Data,,
19730105NCSOS,Handgun,35.7826363,-80.8872959
19730118CAJOL,Handgun,34.0536909,-118.242766
19730131NCCUB,Handgun,36.0956918,-79.4377991
19730212ALBOM,Handgun,,
19730226VAARR,Handgun,37.5535535,-77.4114918
19730405CALOL,Handgun,34.0536909,-118.242766
19730501OHRAY,Handgun,41.1035786,-80.6520161
19730928CAWIL,Handgun,34.0536909,-118.242766
19731002ILELA,Handgun,38.78421,-89.96538
19731019MOBES,No Data,,
19731023MOSUS,Multiple Unknown,38.6280278,-90.1910154
19731023OHBAB,Handgun,41.012833,-81.6051221
19731024MNCEM,Shotgun,44.9772995,-93.2654692
19731031MONOS,Shotgun,38.6280278,-90.1910154
19731108ILWOC,Handgun,41.8755616,-87.6244212
19731109CALOL,No Data,,
19731206CAFRL,Handgun,34.0536909,-118.242766
19731213OHHUC,Handgun,39.1014537,-84.5124602
19740117ILBAC,Handgun,41.8755616,-87.6244212
19740117ILBAC,Handgun,41.8755616,-87.6244212
19740122CALOL,No Data,34.0536909,-118.242766
19740207CAJAO,Handgun,37.8044557,-122.271356
19740322INBRB,Rifle,38.8789426,-86.0419247
19740402CTSTB,Other,,
19740510TNCHR,Handgun,36.407317,-83.0054423
19740519FLHIO,Rifle,28.5421109,-81.3790304
19740923CAJED,Handgun,37.6904826,-122.47267
19740925CASAL,Handgun,,
19741007LADEH,Handgun,29.9765931,-90.4089708
19741021MDDOB,Handgun,39.2908816,-76.610759
19741118SCCAC,No Data,32.76495449,-79.99217081
19741121ARBOL,Handgun,34.7465071,-92.2896267
19741125SCCAC,Handgun,32.76495449,-79.99217081
19741218CAMAL,Handgun,34.0536909,-118.242766
19741230NYOLO,Multiple Unknown,42.0775022,-78.4298248
19750207NYBOM,Handgun,40.7492678,-73.6406845
19750224NJSTP,Shotgun,39.7295581,-75.4679734
19750312TXJOH,Handgun,,
19750318MOSUS,Unknown,38.6280278,-90.1910154
19750321OHPAD,Handgun,39.7589478,-84.1916069
19750321VAFAR,Rifle,37.5535535,-77.4114918
19750515MOROS,Handgun,38.6280278,-90.1910154
19750527MIPID,Rifle,42.3315509,-83.0466403
19750709ILDEC,No Data,41.8755616,-87.6244212
19750711MOCES,Handgun,38.6280278,-90.1910154
19750911OKGRO,Unknown,35.4729886,-97.5170536
19751001NMHEA,Handgun,32.8423345,-104.4032963
19751024GAMUA,Handgun,33.7489924,-84.3902644
19751218CAORS,Rifle,33.7494951,-117.8732213
19760101AZCAP,Rifle,,
19760123OHCOC,Handgun,39.9622601,-83.0007065
19760206FLESP,No Data,30.421309,-87.2169149
19760212MIMUD,Handgun,42.3315509,-83.0466403
19760412TXODF,Handgun,32.753177,-97.3327459
19760513MOMAS,Handgun,38.6280278,-90.1910154
19760514FLPAW,Handgun,26.715364,-80.0532942
19760602MDMTC,No Data,,
19760920NCGUG,Shotgun,36.0726355,-79.7919754
19761110MIBUD,Handgun,42.3315509,-83.0466403
19761210MOFRS,Handgun,38.6280278,-90.1910154
19770113ILOLB,Handgun,41.6573014,-87.679871
19770209ILFEC,Handgun,41.8755616,-87.6244212
19770228MOROS,No Data,38.6280278,-90.1910154
19770228TXHOA,Handgun,35.2072185,-101.833824
19770308ILCOE,Handgun,38.8114364,-89.953157
19770321NYPAH,Rifle,42.716293,-78.828717
19770407TXWHW,Handgun,33.7375948,-102.3271221
19770418TNPIN,Handgun,36.095567,-86.8011251
19770517FLSTC,Rifle,,
19770622ILHOC,No Data,41.8755616,-87.6244212
19770711COSOC,Handgun,,
19771129MOHAS,Rifle,38.6280278,-90.1910154
19771129MOVAS,No Data,38.6280278,-90.1910154
19771209CAPES,Handgun,38.4404925,-122.7141049
19771212FLWEW,Handgun,28.5656649,-81.5856742
19771215MABLC,No Data,,
19780111KYCHH,Handgun,36.8657651,-87.4889532
19780209WVHAS,Handgun,38.37328,-81.84228
19780222MIEVL,Handgun,42.7337712,-84.5553805
19780309CAMOS,Rifle,38.4404925,-122.7141049
19780329TNGAN,Handgun,36.095567,-86.8011251
19780414MIFOD,Handgun,42.3315509,-83.0466403
19780426TXPAD,Handgun,32.7810789,-96.690261
19780428ILRIN,Handgun,,
19780518TXMUA,Rifle,30.2711286,-97.7436995
19780519PADOP,Rifle,,
19780607DEDOD,Handgun,39.158168,-75.5243682
19780610MAWEW,Handgun,42.2212188,-70.9391625
19781017ALLAL,Handgun,32.8687391,-85.1904971
19781017MOUNU,Handgun,38.6569083,-90.3103443
19781129NYPAN,Handgun,40.7127281,-74.0060152
19781214CTWIN,Handgun,41.3082138,-72.9250518
19790129CAGRS,Rifle,32.7174202,-117.1627728
19790314FLMCM,Handgun,25.7741728,-80.19362
19790328CALOL,Handgun,34.0536909,-118.242766
19790416WIWIM,Shotgun,43.0331896,-88.0160292
19790425PAMAH,Rifle,41.3270244,-75.7732488
19790426TXAZA,Handgun,32.8975875,-97.5437799
19790614OHNEN,Handgun,39.9361699,-84.0254913
19790926LACAN,Handgun,29.951065,-90.071533
19790928MACHC,Rifle,42.3778749,-71.0619957
19791023MOOFS,Handgun,38.6280278,-90.1910154
19791105INWAI,Handgun,39.7683331,-86.1583502
19791130TXUNL,Handgun,33.046233,-96.994174
19791203MDEAB,Handgun,39.2908816,-76.610759
19791221MOBLS,Handgun,38.6280278,-90.1910154
19800107ARSTS,Handgun,33.3654024,-93.4951758
19800129VALAW,Handgun,37.3060705,-76.7518019
19800201DCLAW,Handgun,38.8950368,-77.0365427
19800207TXVAL,Handgun,32.5007031,-94.74049
19800211INARI,Handgun,39.7683331,-86.1583502
19800215MSHUM,Handgun,31.2437872,-90.4531536
19800320TXJLD,Handgun,32.7810789,-96.690261
19800331MDFRB,Handgun,39.2908816,-76.610759
19800417VACAC,Handgun,37.2029182,-75.9571528
19800530NYCLB,Handgun,40.6526006,-73.9497211
19800902CAWHL,Shotgun,34.0536909,-118.242766
19800908FLFOJ,Handgun,30.3321838,-81.655651
19800910DCSPW,Handgun,38.8950368,-77.0365427
19800911ALJOM,Handgun,32.3669656,-86.3006485
19800926CTBRB,Rifle,41.1670412,-73.2048348
19801013ALCET,Handgun,36.3456186,-94.2670404
19801031ALHUH,Handgun,33.4512197,-86.9966606
19801117TXEAF,Handgun,32.753177,-97.3327459
19801212ALPAB,Handgun,33.5206824,-86.8024326
19801212OHLOL,Handgun,41.4673238,-82.1781904
19810121OHWIB,Handgun,41.2456819,-81.8275398
19810122MDFRB,Handgun,39.2908816,-76.610759
19810210ARLIL,Handgun,34.7465071,-92.2896267
19810210CAMAL,Shotgun,34.0536909,-118.242766
19810303INMAI,Handgun,39.7683331,-86.1583502
19810328FLDIF,Handgun,26.1223084,-80.1433786
19810402OHALC,Handgun,41.4996574,-81.6936772
19810407MSPOP,No Data,,
19810515LANEN,Handgun,30.0035365,-91.8187285
19810901PAWIP,Handgun,39.9527237,-75.1635262
19810904NMHOS,Handgun,35.6876096,-105.938456
19810908FLSTW,Handgun,26.715364,-80.0532942
19810913MDABA,Handgun,39.5120347,-76.1643289
19811013CTHAH,Handgun,41.764582,-72.6908547
19811209NYGEB,Handgun,40.6526006,-73.9497211
19811216TXUNH,Handgun,29.7589382,-95.3676974
19811223NYJAB,Handgun,40.6526006,-73.9497211
19820205TNHAM,Handgun,35.1185491,-89.904645
19820208MADOD,Handgun,42.2973205,-71.0744952
19820209LAJON,No Data,29.951065,-90.071533
19820315ORSPS,Handgun,44.0462362,-123.0220289
19820317OHLOL,Handgun,41.4673238,-82.1781904
19820319NVVAL,Handgun,36.1672559,-115.148516
19820407CODEL,Handgun,39.613321,-105.016649
19820415MDFOB,Handgun,39.2908816,-76.610759
19820429GARUE,Rifle,33.6795531,-84.4393724
19820430FLANA,Handgun,30.3202945,-81.5411937
19820527NVGAL,Other,,
19820910VALAB,No Data,38.831813,-77.288755
19820915ARSOP,Handgun,34.2157064,-92.0140402
19821101NYELE,Handgun,40.7076444,-73.7093041
19821108MICOD,Handgun,42.3315509,-83.0466403
19821112MSWIJ,Shotgun,32.2998686,-90.1830408
19821206ALHUH,Handgun,34.729847,-86.5859011
19821220MIFID,Handgun,42.3315509,-83.0466403
19830118TXJOH,Handgun,29.7589382,-95.3676974
19830120MOPAB,Handgun,38.9760794,-92.3467298
19830120MOPAB,Handgun,38.9760794,-92.3467298
19830128MDWIB,Handgun,39.2908816,-76.610759
19830130TXWEC,Handgun,31.7766863,-99.4461098
19830131FLDED,Handgun,29.0283213,-81.3031098
19830201TNRIM,Handgun,35.813606,-86.410831
19830202NMALA,No Data,,
19830331ILSAC,Handgun,41.8755616,-87.6244212
19830421MOBES,No Data,38.6280278,-90.1910154
19830516NYBRN,Rifle,40.7127281,-74.0060152
19830516TXLAD,Handgun,32.7810789,-96.690261
19830518FLNOM,Handgun,25.7741728,-80.19362
19830523OHMAM,Handgun,40.75839,-82.5154471
19830526PAGRJ,Handgun,40.3267407,-78.9219698
19830912CAMAC,Handgun,33.894927,-118.226624
19830912MIHED,Handgun,42.3315509,-83.0466403
19830921MDWAB,Handgun,39.2908816,-76.610759
19830930TXTET,No Data,31.1058315,-97.3556697
19831007CACOL,Handgun,34.0536909,-118.242766
19831022MDCAB,Other,39.2908816,-76.610759
19831108MIHIH,Handgun,42.4055981,-83.0965829
19831117ILJAC,Handgun,41.8755616,-87.6244212
19831118MDHAB,Handgun,39.2908816,-76.610759
19831202INCRC,Handgun,40.0401991,-86.8990249
19831216ILBOR,Handgun,42.2713945,-89.093966
19840105MDLAB,Handgun,39.2908816,-76.610759
19840206KYCEL,Handgun,38.2542376,-85.759407
19840221TXSHH,Handgun,29.7589382,-95.3676974
19840224CA49L,Rifle,34.0536909,-118.242766
19840224CA49L,Shotgun,34.0536909,-118.242766
19840224CA49L,Shotgun,34.0536909,-118.242766
19840405LACLC,Handgun,30.8657362,-91.0156594
19840420MIPRD,Handgun,42.3315509,-83.0466403
19840426NCROW,Handgun,34.735724,-77.9952628
19840515MTCMG,Rifle,47.5048851,-111.29189
19840517IASOP,Handgun,41.5964843,-93.5148963
19840517TXBOH,Handgun,29.7589382,-95.3676974
19840518CANON,Shotgun,33.9323307,-117.5508901
19840522OHCLC,Handgun,41.5200518,-81.556235
19840710MIMUD,No Data,42.3315509,-83.0466403
19840831LABOS,Handgun,32.48086,-93.713856
19840928TXMIH,Rifle,29.7589382,-95.3676974
19840928TXRIN,Multiple Unknown,32.84195,-97.227965
19841021PAWYE,Other,,
19841022MICED,Handgun,42.3315509,-83.0466403
19841024MISOD,Handgun,42.3315509,-83.0466403
19841024OHWEC,Handgun,40.5489358,-84.5702338
19841030SCPEP,Handgun,34.6127814,-82.7840143
19841031LAEAG,Handgun,30.2385294,-90.9200987
19841109CTWIN,Handgun,41.3082138,-72.9250518
19841126MDMIR,Handgun,39.6821264,-76.7646331
19841207MOEDS,Multiple Unknown,38.6280278,-90.1910154
19850118TXARA,Shotgun,32.7355816,-97.1071186
19850121KSGOG,Handgun,37.6597363,-97.5753256
19850121KSGOG,Rifle,37.6597363,-97.5753256
19850126MASTB,Handgun,42.3554334,-71.060511
19850205CTAIH,Handgun,41.764582,-72.6908547
19850416TXMAA,Handgun,29.8998769,-95.3373683
19850516FLPAB,Handgun,27.3323631,-80.389043
19850724TXHIH,Handgun,32.8334607,-96.7919454
19850904VAEAR,Handgun,37.5535535,-77.4114918
19850909TXWHH,Handgun,29.7589382,-95.3676974
19850920TXLAC,Handgun,29.879041,-95.675401
19850925OHTRT,Handgun,39.7972788,-84.3113334
19851008MDLAB,Handgun,39.2908816,-76.610759
19851018MIMUD,Shotgun,,
19851022OHSOG,Handgun,38.8645138,-83.9040944
19851126WASPS,Rifle,47.113918,-122.429692
19851127ALCHB,Handgun,33.5206824,-86.8024326
19851203NHCOC,Shotgun,43.207178,-71.537476
19851209PAARP,Other,39.9527237,-75.1635262
19851210CTPOP,Handgun,41.5728924,-72.6406905
19860109NCNOD,Handgun,35.996653,-78.9018053
19860117CAVAL,Handgun,34.0536909,-118.242766
19860129MDLAB,Handgun,39.2908816,-76.610759
19860224LABOS,Handgun,30.2751945,-89.7811745
19860306ILTHD,Handgun,41.6389236,-87.607268
19860423FLCHM,Handgun,25.7741728,-80.19362
19860429MOSES,Shotgun,36.1342336,-90.1598183
19860509NCPIF,Handgun,35.0525759,-78.878292
19860515GACAA,Rifle,33.7489924,-84.3902644
19860517TNMAN,Handgun,36.095567,-86.8011251
19860912CAFAL,Handgun,34.0536909,-118.242766
19860918CABEB,Handgun,38.049365,-122.1585777
19861003CAMOM,Handgun,34.1483499,-118.0014517
19861008TXSOD,Handgun,32.7810789,-96.690261
19861204MTFEL,No Data,47.0639275,-109.428213
19870114CALOL,Handgun,34.0536909,-118.242766
19870123MIRED,No Data,42.3315509,-83.0466403
19870210ARDAD,Rifle,34.5038393,-93.0552437
19870213AZORM,Multiple Unknown,34.4263875,-112.2367232
19870224NYMON,Handgun,40.9115386,-73.7826363
19870302MODED,Handgun,39.5869398,-94.9252426
19870306TXRIE,No Data,31.7328638,-106.3728033
19870330CAPAS,Handgun,33.7494951,-117.8732213
19870416MIMUD,Handgun,42.3315509,-83.0466403
19870430ORGRP,Handgun,45.5202471,-122.674194
19870503INPII,Handgun,39.7683331,-86.1583502
19870506ARMAJ,Handgun,34.7465071,-92.2896267
19870506FLLET,Handgun,27.9477595,-82.458444
19870513ILOAO,Handgun,41.7108662,-87.7581081
19870928ILILL,Handgun,,
19871014ILDUC,Handgun,,
19871030NCSOK,Handgun,,
19871104MISOD,Handgun,42.3315509,-83.0466403
19871114FLCLC,Handgun,27.9658533,-82.8001026
19871130TXPES,Handgun,29.4195889,-98.6401832
19871202FLENJ,Handgun,,
19871204NYEAN,Handgun,40.7127281,-74.0060152
19871215NYGRB,No Data,40.5796437,-73.9611102
19871216TXMAK,Handgun,,
19880105PASPS,Handgun,39.9306677,-75.3201879
19880106FLGAT,Handgun,27.9477595,-82.458444
19880108PACRM,Handgun,,
19880120LASIR,Handgun,32.5232053,-92.637927
19880129TXREA,No Data,30.2711286,-97.7436995
19880202ALWET,Multiple Unknown,33.2095614,-87.5675258
19880211FLPIL,Handgun,27.9094665,-82.7873244
19880211FLPIL,Handgun,27.9094665,-82.7873244
19880226RIBRB,Handgun,41.7034082,-71.2844401
19880304MILED,No Data,42.3315509,-83.0466403
19880323CACAS,No Data,,
19880324TXTRA,Other,,
19880505ILMAC,Handgun,41.8755616,-87.6244212
19880516FLFOF,Handgun,26.640628,-81.8723084
19880520ILHUW,Handgun,42.1080703,-87.7365286
19880520ILHUW,Handgun,42.1080703,-87.7365286
19880520ILHUW,Handgun,42.1080703,-87.7365286
19880531NYPUB,No Data,40.8466508,-73.8785937
19880602MSWIJ,Handgun,32.2998686,-90.1830408
19880617MIJOD,Handgun,42.3315509,-83.0466403
19880630HIAIO,Handgun,21.4834364,-158.0364837
19880710WISIM,Other,43.0506338,-87.9307113
19880711MSLAJ,Handgun,32.2998686,-90.1830408
19880831MICED,Handgun,42.3315509,-83.0466403
19880831SCWEA,Handgun,34.495738,-82.665162
19880902GAGLA,Handgun,33.4709714,-81.9748429
19880902NCGAC,Handgun,35.2272086,-80.8430827
19880903TXLID,Handgun,32.7810789,-96.690261
19880922ILMOC,Handgun,41.8755616,-87.6244212
19880926SCOAG,Handgun,34.2303647,-82.1772586
19881003FLMAM,Rifle,,
19881004FLJEJ,Handgun,30.3321838,-81.655651
19881004LAISB,No Data,30.4494155,-91.1869659
19881005MDEDB,Handgun,39.2908816,-76.610759
19881006ALMOM,Handgun,30.6913462,-88.0437509
19881007MDSOB,Handgun,39.2908816,-76.610759
19881007TXDIP,Handgun,29.8988618,-93.9288723
19881101FLPAJ,Handgun,30.3321838,-81.655651
19881107UTGLS,Handgun,,
19881122TXABA,Handgun,32.44645,-99.7475905
19881216VAATV,Handgun,36.7829597,-76.1436111
19890105ARHEL,Handgun,34.7465071,-92.2896267
19890117CACLS,Handgun,37.9577016,-121.2907796
19890117CACLS,Rifle,37.9577016,-121.2907796
19890126DCWOW,Handgun,38.8950368,-77.0365427
19890210UTTHK,Handgun,40.6528603,-112.0046186
19890303INWIG,Handgun,41.6020962,-87.3370647
19890426TXAMD,Handgun,32.7810789,-96.690261
19890911AZDYE,Handgun,33.6130338,-112.324486
19890918KYJAM,Shotgun,37.430364,-83.9979834
19891005CALOA,Handgun,33.8347516,-117.911732
19891005CALOA,Shotgun,33.8347516,-117.911732
19891031TXOLD,Other,32.7810789,-96.690261
19891113NYALN,Handgun,40.7127281,-74.0060152
19891115TXWOA,Handgun,32.7355816,-97.1071186
19891122CACHO,Handgun,34.1976308,-119.1803818
19891204LACAS,No Data,32.48086,-93.713856
19891205PASEM,Handgun,40.3478472,-79.864215
19891205TXWWD,Handgun,32.7810789,-96.690261
19891212SCCHC,Handgun,34.6898665,-81.2068057
19900116RICEP,No Data,41.8239891,-71.4128343
19900220OHTAC,Handgun,39.1014537,-84.5124602
19900327NYNEB,Handgun,40.6526006,-73.9497211
19900403TXSKD,Handgun,32.7810789,-96.690261
19900504CAMOE,Handgun,37.3361663,-121.890591
19900520TNHIC,No Data,35.809348,-87.430054
19900531TXSUF,Handgun,32.753177,-97.3327459
19900824NCMYC,Handgun,,
19900827NVELL,Handgun,36.1672559,-115.148516
19900827TXWHD,Handgun,32.7476761,-96.8205751
19900911TXSAS,Handgun,29.4195889,-98.6401832
19900922ALLEB,Handgun,,
19901002TXWHD,Handgun,32.7476761,-96.8205751
19901029INCHC,Handgun,38.45312,-85.6702407
19901030TXNAG,Handgun,32.912624,-96.6388833
19901213LASAS,No Data,30.2751945,-89.7811745
19910108TXRIR,Handgun,32.9481789,-96.7297206
19910117TXHOD,Handgun,32.7476761,-96.8205751
19910219LABON,Handgun,29.951065,-90.071533
19910313ALSES,Handgun,33.3967079,-86.1597137
19910314SCWOP,No Data,34.6888725,-82.356973
19910325NCGAC,No Data,35.2272086,-80.8430827
19910411SCNOR,Handgun,34.949602,-81.0807463
19910423CARAC,No Data,33.894927,-118.226624
19910423MSHUB,Handgun,33.1842912,-90.4892563
19910510OHFRC,Handgun,39.9622601,-83.0007065
19910516KSCOK,Rifle,,
19910521CAROS,Handgun,34.1508718,-118.448986
19910521FLSCP,Handgun,26.8200607,-80.6653351
19910722CAWEL,Handgun,34.0536909,-118.242766
19910730CAENC,Handgun,33.894927,-118.226624
19910913TXMAH,Handgun,29.7589382,-95.3676974
19910917ILWOC,Handgun,41.8755616,-87.6244212
19910918TXCRC,Handgun,33.5778818,-101.2855737
19911002TXSPH,Handgun,29.7589382,-95.3676974
19911004CADOL,Handgun,34.0536909,-118.242766
19911004CAROL,Handgun,,
19911009NYJAB,Handgun,40.8466508,-73.8785937
19911011MAMAR,Handgun,42.3248426,-71.0950158
19911015NHMOS,Rifle,42.8742651,-72.2815335
19911015SCWOW,Handgun,34.7323272,-82.0231634
19911015TXGEP,Rifle,29.6910753,-95.2092076
19911023TXOAD,Handgun,32.7476761,-96.8205751
19911106LAWAN,Handgun,29.951065,-90.071533
19911111TXYSE,Handgun,,
19911114TXMIH,Handgun,,
19911125NYTHB,Handgun,40.6526006,-73.9497211
19911226NCWHW,Handgun,34.3387802,-78.7030721
19920128LAFRG,Handgun,30.0156248,-90.0518356
19920131LAFRG,Handgun,30.0156248,-90.0518356
19920206OKDOO,No Data,35.4729886,-97.5170536
19920207VABON,Handgun,36.8448348,-76.2863999
19920226NYTHB,Handgun,40.6526006,-73.9497211
19920305OHHAO,Handgun,39.8789527,-82.9507363
19920331LAOPA,Handgun,29.9413467,-90.0375901
19920409FLFOF,Handgun,26.640628,-81.8723084
19920417TXLID,No Data,32.7476761,-96.8205751
19920501CALIO,Rifle,39.0954484,-121.5521858
19920501CALIO,Shotgun,39.0954484,-121.5521858
19920514CASIN,Handgun,,
19920514TXHUH,Handgun,30.7235263,-95.5507771
19920529CAVEL,No Data,34.0536909,-118.242766
19920606CAMEM,Handgun,37.1641544,-120.7678602
19920911TXPAA,Handgun,35.2072185,-101.833824
19920928CAHIS,Handgun,38.5810606,-121.493895
19920930TXHOH,Shotgun,29.7589382,-95.3676974
19921013AZDET,Handgun,32.3110186,-111.083003
19921019NYEVB,Rifle,40.8466508,-73.8785937
19921104MIFID,Multiple Unknown,42.3315509,-83.0466403
19921104MIMAD,No Data,,
19921104MIMUD,Handgun,,
19921110ILSHC,Handgun,41.8755616,-87.6244212
19921113TXLAC,Handgun,29.879041,-95.675401
19921116ALFAB,Handgun,33.5206824,-86.8024326
19921120ILTIC,Handgun,41.8755616,-87.6244212
19921124ALROM,Handgun,32.3669656,-86.3006485
19921130ILORC,Handgun,41.8755616,-87.6244212
19921203ILWOC,Handgun,41.8755616,-87.6244212
19921214NYWAW,Handgun,42.1695296,-75.1293351
19930105NYBRB,No Data,40.7812093,-73.2462273
19930112FLNOM,Handgun,25.7741728,-80.19362
19930118KYEAG,Handgun,37.4537437,-86.3389464
19930121CAFAL,Handgun,34.0536909,-118.242766
19930201NYAMA,Handgun,40.6789893,-73.4170673
19930201WARER,No Data,47.6896346,-122.1181146
19930204GACLA,Handgun,33.7489924,-84.3902644
19930208DCWAW,Handgun,38.8950368,-77.0365427
19930208MNMIM,Rifle,48.4343071,-96.1640721
19930222CAREL,Handgun,34.0536909,-118.242766
19930226MAGLG,No Data,42.6159286,-70.6619888
19930308VADOD,Handgun,37.1291545,-76.5371893
19930318GAHAH,Handgun,33.4145834,-82.3126237
19930325MOSUS,Handgun,38.6280278,-90.1910154
19930403CAGRS,Shotgun,,
19930415MAFOA,Shotgun,41.6806593,-70.907816
19930416CAGRS,Handgun,,
19930416WAMOT,Handgun,47.1894671,-122.5010408
19930514TXNII,Handgun,32.8295183,-96.9442177
19930524PAUPP,Handgun,40.3909328,-75.4921249
19930527LAFRN,Handgun,29.951065,-90.071533
19930707CADOL,Handgun,34.0536909,-118.242766
19930803NYTHN,Handgun,40.7127281,-74.0060152
19930831GAHAA,Handgun,33.7489924,-84.3902644
19930901KSJUJ,Handgun,39.0286093,-96.8313978
19930902TXROD,Handgun,32.7810789,-96.690261
19930916ILROC,No Data,,
19930917ILDOD,Handgun,41.7936822,-88.0102281
19930917WYCES,Multiple Unknown,44.80401,-106.96281
19930925DCWEW,Handgun,38.8950368,-77.0365427
19930928MSCOG,Handgun,33.4000633,-91.0551312
19931012DEDON,Handgun,39.6159851,-75.662956
19931018DCJHW,Handgun,38.8950368,-77.0365427
19931101ILSUC,Handgun,41.8755616,-87.6244212
19931104CTNEN,No Data,41.6612104,-72.7795419
19931104FLTEJ,Handgun,30.3321838,-81.655651
19931104MSBAB,No Data,31.9790425,-89.2872843
19931111ILRIS,Handgun,39.7990175,-89.6439575
19931201WIWAW,No Data,43.0683295,-88.0554001
19931202CTNEN,No Data,41.6612104,-72.7795419
19931208GABES,Handgun,32.0790074,-81.0921335
19931215CACHS,Handgun,34.2148853,-118.4998204
19931217MICHC,Handgun,42.3180163,-84.020224
19940120CALOH,No Data,33.9930677,-117.968675
19940121TXKEK,Rifle,31.3596258,-95.1832721
19940124SCEAC,Handgun,34.047662,-81.043323
19940126DCELW,No Data,,
19940126DCPAW,Handgun,,
19940127CAWAS,Unknown,37.3361663,-121.890591
19940131WAWHS,Rifle,47.6969865,-122.3788856
19940208MIOSD,No Data,,
19940218SCSPS,Handgun,34.972656,-81.884177
19940301MOKEB,Shotgun,38.9751547,-92.7440277
19940303ALENB,Handgun,33.5206824,-86.8024326
19940309DCEAW,Handgun,38.8950368,-77.0365427
19940315SCGOC,No Data,32.971807,-80.01711
19940323WABAS,No Data,47.6767863,-122.3745454
19940325GAETC,Handgun,34.2391265,-84.4720272
19940405TXMCA,Handgun,30.2711286,-97.7436995
19940408MDLAU,Handgun,38.8162451,-76.751708
19940412MTMAB,Handgun,46.0131505,-112.536508
19940413CA49L,Handgun,34.0536909,-118.242766
19940419DCELW,No Data,,
19940420INDIS,Handgun,41.6833813,-86.2500066
19940421TNJTN,Handgun,36.095567,-86.8011251
19940502FLNON,Handgun,25.8900949,-80.1867138
19940525INLAS,Handgun,41.6833813,-86.2500066
19940525NJLAW,Handgun,41.0381526,-74.2940378
19940526KYLAU,Handgun,37.637247,-87.958036
19940724PAMAM,No Data,40.0588102,-76.7211368
19940725IAOTO,Handgun,41.0195659,-92.4116886
19940907CAHOL,No Data,34.0536909,-118.242766
19940908NYSWA,Handgun,42.6511674,-73.754968
19940919CALOL,No Data,34.0536909,-118.242766
19940922ORLEL,Handgun,44.5363364,-122.9072329
19941012NCGRG,No Data,36.0726355,-79.7919754
19941017ILHUC,Handgun,41.8755616,-87.6244212
19941031CAALA,Handgun,33.587229,-117.72005
19941105CATHS,Handgun,37.7249296,-122.1560768
19941107OHWIW,No Data,41.605327,-81.453449
19941108IAWEM,No Data,42.4840907,-91.4555379
19941115WASTT,Handgun,47.2652366,-122.4483162
19950105DCCAW,Handgun,38.8950368,-77.0365427
19950110FLPAP,Handgun,26.8233946,-80.1386547
19950112WAGAS,Handgun,47.6055267,-122.3012677
19950123CASAR,Shotgun,34.0550328,-117.1827445
19950124DCSPW,Handgun,38.8950368,-77.0365427
19950202CAJOL,Handgun,33.7690164,-118.191604
19950208NECHS,Handgun,41.862302,-103.6627088
19950303MIPED,Handgun,42.3315509,-83.0466403
19950327MIRED,Handgun,42.3315509,-83.0466403
19950614FLLAL,Handgun,26.615891,-80.0691435
19950829TXMEL,Shotgun,27.5030915,-99.5075644
19950912TNCYM,Handgun,35.1185491,-89.904645
19950914KSOLO,Handgun,38.8838856,-94.81887
19950915KYGEW,Handgun,37.990079,-84.1796503
19950927ALBLP,Handgun,32.4078632,-87.0207473
19950929FLTAT,Handgun,28.8041579,-81.725632
19951012SCBLB,Handgun,33.3628637,-81.2647093
19951023FLLAC,Handgun,28.6714702,-81.3382005
19951030VAJOR,Handgun,37.5535535,-77.4114918
19951102FLBLM,No Data,25.7929198,-80.1353006
19951115TNRIL,Rifle,35.335538,-87.033002
19951128NYTHN,Handgun,40.7127281,-74.0060152
19960102PAGIG,No Data,42.0003907,-80.3187645
19960119DCWIW,No Data,38.8950368,-77.0365427
19960126TNEAM,Handgun,35.1185491,-89.904645
19960202WAFRM,Handgun,47.127456,-119.2832955
19960202WAFRM,Handgun,47.127456,-119.2832955
19960202WAFRM,Rifle,47.127456,-119.2832955
19960208CAMIM,Unknown,37.4519671,-122.177992
19960222GAJES,Handgun,32.0790074,-81.0921335
19960229MOBES,Handgun,38.6280278,-90.1910154
19960311NCNON,Handgun,36.147951,-80.770611
19960319NVSWL,Other,,
19960411ALTAT,Shotgun,30.547295,-88.1802037
19960415DCMCW,No Data,,
19960514UTBIT,Handgun,40.6676347,-111.9388027
19960522CACOC,Handgun,34.0739016,-117.3136547
19960604CAWEH,No Data,33.7475203,-116.9719684
19960726CAJOL,Handgun,34.0536909,-118.242766
19960925GADED,No Data,30.8736613,-84.5740953
19961002PASMP,No Data,39.9527237,-75.1635262
19961004CASTP,No Data,,
19961009ARJAS,No Data,34.8150907,-92.2243153
19961014MOSUS,No Data,38.6280278,-90.1910154
19961127CAHIS,Handgun,38.5810606,-121.493895
19970108NYCRN,Handgun,40.7127281,-74.0060152
19970127FLCOW,Handgun,26.715364,-80.0532942
19970206MSWIJ,Handgun,32.2998686,-90.1830408
19970213NYMOB,Handgun,40.8466508,-73.8785937
19970213NYSAB,Handgun,40.8466508,-73.8785937
19970219AKBEB,Shotgun,60.804878,-161.78215
19970220FLFIJ,Handgun,30.3321838,-81.655651
19970221NVRAL,Handgun,36.1672559,-115.148516
19970317MIPED,Handgun,42.3315509,-83.0466403
19970403CAMAM,No Data,,
19970428CAJOL,Handgun,34.0536909,-118.242766
19970430NYCIN,No Data,,
19970513FLNOM,Handgun,25.7741728,-80.19362
19970520OHDUD,Handgun,39.7589478,-84.1916069
19970624ALJEM,Handgun,32.3669656,-86.3006485
19971001MSPEP,Rifle,32.2735792,-90.127881
19971005OKMOO,Handgun,35.4729886,-97.5170536
19971010INWAG,Handgun,41.6020962,-87.3370647
19971014TXLAG,Handgun,32.8573945,-96.575419
19971015FLLIP,Shotgun,,
19971020CAMCO,No Data,37.8044557,-122.271356
19971022CAJON,Handgun,33.9092802,-118.0849169
19971107FLRIJ,Handgun,30.3321838,-81.655651
19971113CACRS,Handgun,38.5810606,-121.493895
19971201KYHEW,Multiple Unknown,37.0831102,-88.7442202
19971201KYHEW,Shotgun,37.0831102,-88.7442202
19971201KYHEW,Shotgun,37.0831102,-88.7442202
19971215ARSTS,Rifle,33.3654024,-93.4951758
19980212NJHOH,Handgun,40.7433066,-74.0323752
19980225MIRER,Rifle,43.875017,-85.51005
19980227VAMAF,Rifle,38.8462236,-77.3063733
19980324ARWEJ,Multiple Unknown,35.8272257,-90.6949871
19980325CAFED,Handgun,37.6904826,-122.47267
19980325MICOC,Shotgun,41.941091,-85.0030617
19980330NCGRC,Handgun,35.9131542,-79.05578
19980331WIOAO,Rifle,43.6860693,-88.5424345
19980423CACUL,No Data,,
19980424PAPAE,Handgun,41.8742225,-80.1317236
19980428CAPHP,Handgun,34.0553813,-117.7517496
19980428WIPAP,Handgun,43.5356594,-89.2951484
19980501FLNOM,No Data,25.7741728,-80.19362
19980501NYPUB,Handgun,42.8867166,-78.8783922
19980519TNLIF,Rifle,35.1353874,-86.5700417
19980521CARIR,Handgun,34.1064001,-117.3703235
19980521ORTHS,Handgun,44.0462362,-123.0220289
19980521ORTHS,Handgun,44.0462362,-123.0220289
19980521ORTHS,Rifle,44.0462362,-123.0220289
19980521WAONO,Handgun,46.5818782,-122.719397
19980527CAWAP,No Data,34.1476507,-118.1441551
19980529FLSTF,Handgun,26.1223084,-80.1433786
19980615VAARR,Handgun,37.5535535,-77.4114918
19980911CAHEG,No Data,34.1469416,-118.2478471
19980930FLLEL,Handgun,28.810823,-81.8778582
19980930FLNOM,No Data,25.7741728,-80.19362
19981103PAMAP,Rifle,39.9527237,-75.1635262
19981130NYHAH,Handgun,41.9539754,-75.2804502
19981203INERG,Handgun,41.6020962,-87.3370647
19981211INBEI,Handgun,39.7683331,-86.1583502
19990108GACEC,Handgun,33.5801103,-85.0766113
19990114NYHAN,Handgun,40.7127281,-74.0060152
19990121TXRIN,Handgun,32.84195,-97.227965
19990211ILOME,Handgun,42.03726,-88.2810994
19990211MSJEP,No Data,31.1443351,-89.406955
19990304ILNIS,Handgun,42.0333694,-87.7333972
19990416IDNON,Shotgun,43.727631,-116.7993684
19990420COCOL,Handgun,39.613321,-105.016649
19990420COCOL,Rifle,39.613321,-105.016649
19990420COCOL,Shotgun,39.613321,-105.016649
19990420COCOL,Shotgun,39.613321,-105.016649
19990422GAMAA,Handgun,33.7489924,-84.3902644
19990422LASCB,Handgun,30.4494155,-91.1869659
19990520GAHEC,Handgun,33.6676103,-84.0176904
19990520GAHEC,Rifle,33.6676103,-84.0176904
19990825GAJAM,No Data,33.3044654,-83.684096
19990909CASAS,Handgun,37.3361663,-121.890591
19990927FLEGT,Unknown,27.9477595,-82.458444
19991004SDJOP,Handgun,39.9214697,-75.2340177
19991011NVCLL,Handgun,36.1672559,-115.148516
19991021CASAP,Handgun,34.2625025,-118.427027
19991026PAMAP,No Data,39.9527237,-75.1635262
19991026WVGUB,No Data,38.2209232,-82.2037529
19991117TXDID,Rifle,29.4607876,-95.0513173
19991119NMDED,Handgun,32.2627416,-107.7581979
19991206OKFOF,Handgun,35.7975463,-95.2503409
20000110AKBAA,Handgun,61.218056,-149.900284
20000113NMALA,Handgun,35.0841034,-106.650985
20000119FLRIN,Handgun,28.2441768,-82.7192671
20000120NCERA,Rifle,35.595076,-82.5528478
20000126CAALM,Handgun,37.1641544,-120.7678602
20000126NESOO,No Data,41.2587459,-95.9383758
20000210PAPEY,Handgun,39.9390017,-75.2554605
20000214ILDUC,Handgun,41.8755616,-87.6244212
20000229MIBUF,Handgun,43.0161693,-83.6900211
20000310GABES,No Data,,
20000323OHMCL,Handgun,,
20000406OKHUH,Handgun,34.0106208,-95.513122
20000410AZLAT,Handgun,32.3110186,-111.083003
20000502COTHD,No Data,39.7392364,-104.984862
20000510AZCAS,Handgun,31.5545973,-110.2997756
20000526FLLAL,Handgun,26.615891,-80.0691435
20000717WADIR,Handgun,47.4923252,-122.2315617
20000726OHTIC,No Data,40.7985464,-81.3749508
20000905OHBIB,No Data,38.9186892,-82.2990401
20000907ILLOR,Handgun,41.4411786,-90.5766144
20000918OHMOM,Handgun,39.2336687,-84.5457778
20000926LACAN,Handgun,29.951065,-90.071533
20001005MNMIM,No Data,,
20001024AZPIG,Handgun,33.5386858,-112.185994
20001101TXNEC,Handgun,,
20001201CAGRL,Handgun,34.0536909,-118.242766
20001201CAJUS,No Data,32.7174202,-117.1627728
20001207CARIR,No Data,,
20001221FLNOM,No Data,25.7741728,-80.19362
20010103CABAS,Handgun,37.7790262,-122.419906
20010110CAHUO,Handgun,34.1976308,-119.1803818
20010117MDLAB,Handgun,39.2908816,-76.610759
20010202MIOSD,No Data,,
20010302CAHOS,No Data,32.7174202,-117.1627728
20010305CASAS,Handgun,32.8383828,-116.9739167
20010306MDLAL,Handgun,38.8824538,-76.8285746
20010307PABIW,Handgun,41.2493292,-77.0027671
20010307WAKEC,Handgun,47.3702429,-122.1193423
20010322CAGRE,Multiple Unknown,32.7947731,-116.962526
20010330INLEG,Handgun,41.6020962,-87.3370647
20010402TXKLH,Handgun,29.7589382,-95.3676974
20010410WAWAM,Rifle,46.736848,-119.896016
20010420LAMOM,Handgun,,
20010425OHJOC,No Data,,
20010515TXENE,Handgun,32.3293111,-96.6252679
20010607TXOUA,Handgun,32.7355816,-97.1071186
20010730CABEL,Handgun,,
20010912KYLAC,Handgun,39.0836224,-84.508371
20010921MDLAB,Handgun,39.2908816,-76.610759
20011012UTTAT,Handgun,40.6676347,-111.9388027
20011026CARER,Handgun,33.8455911,-118.3886766
20011026MIBES,Handgun,43.4200387,-83.9490365
20011112MICAC,Multiple Unknown,43.491132,-83.396897
20011130TXFRF,Handgun,,
20020111MSRAJ,No Data,32.2998686,-90.1830408
20020115NYMAN,Handgun,40.7127281,-74.0060152
20020124PAOLO,Rifle,40.3875936,-75.7896403
20020201TXBRB,Handgun,32.6762432,-97.9408718
20020206CAGAL,Handgun,34.0536909,-118.242766
20020207ILROC,Handgun,41.8755616,-87.6244212
20020322CAJOC,Handgun,38.6270984,-121.3222422
20020406MDLEB,Handgun,,
20020426LAABN,Handgun,29.951065,-90.071533
20021004MTCMG,Handgun,47.5048851,-111.29189
20021004TXPAS,Handgun,29.4195889,-98.6401832
20021007MDBEB,Rifle,38.9424464,-76.7301718
20021029NJLIJ,Handgun,40.7215682,-74.047455
20021107MOSTL,Handgun,39.246479,-94.419079
20021115CAAML,No Data,,
20021115TXSCS,Shotgun,32.7225172,-100.9052015
20021202MIOSD,Handgun,42.3315509,-83.0466403
20021212WAWIC,Rifle,,
20021216ILENC,Handgun,41.8755616,-87.6244212
20030121KYWEO,Handgun,38.3000809,-83.1740654
20030130OKJEJ,Handgun,36.0228734,-95.9683278
20030205CORAW,Handgun,39.8366528,-105.0372046
20030318IACLG,Rifle,42.7858231,-91.0995735
20030321MSNOM,Handgun,32.3643098,-88.703656
20030330CAROW,Handgun,36.9092773,-121.7529071
20030401DCCAW,Handgun,38.8950368,-77.0365427
20030414LAFAS,Handgun,32.48086,-93.713856
20030414LAJON,Rifle,29.951065,-90.071533
20030416TXGRA,No Data,32.9604779,-96.8300673
20030424PARER,Handgun,39.9009334,-76.6058001
20030513PAFOJ,No Data,40.3267407,-78.9219698
20030910MSVIV,Handgun,32.3528055,-90.8777342
20030917MACHB,Handgun,42.3554334,-71.060511
20030917MDOKE,Handgun,,
20030922WALES,Handgun,,
20030924MNROC,Handgun,45.4557973,-94.4288849
20030925NCBUL,Handgun,35.4140187,-81.5631474
20031001CARIS,Shotgun,38.5810606,-121.493895
20031007OHKEA,Handgun,41.083064,-81.518485
20031029LAMAM,Handgun,,
20031030DCANW,Handgun,38.8950368,-77.0365427
20031108TXHIS,Handgun,29.727995,-94.971869
20031113NCEAC,Handgun,35.2272086,-80.8430827
20031202ILFEC,Handgun,41.8755616,-87.6244212
20031204OKDOO,Handgun,35.4729886,-97.5170536
20031205ILCAC,Handgun,37.7274692,-89.216655
20031217MDOLM,Handgun,,
20031222NJCOW,Handgun,40.5536918,-74.2823573
20031229FLABE,No Data,30.3182866,-81.535778
20040115CAPOP,Handgun,34.0553813,-117.7517496
20040121NVFAH,Handgun,36.0301134,-114.9826194
20040202DCBAW,Handgun,38.8950368,-77.0365427
20040203TXYOH,Handgun,29.7589382,-95.3676974
20040206LAFAS,Handgun,32.48086,-93.713856
20040209NYCOE,Shotgun,,
20040211PATMP,Multiple Unknown,39.9527237,-75.1635262
20040213OHCOD,Handgun,39.7589478,-84.1916069
20040220LAGAS,Handgun,30.1252011,-91.8334498
20040305CASAL,No Data,34.0536909,-118.242766
20040317WACRJ,Rifle,48.1361991,-123.745475
20040504TXKAH,No Data,,
20040507MDRAR,Handgun,39.3676844,-76.7954545
20040512CAEAM,Shotgun,37.1641544,-120.7678602
20040524UTWES,Handgun,40.724043,-111.842024
20040609CACAO,No Data,37.8044557,-122.271356
20040803ALHUB,Handgun,33.5206824,-86.8024326
20040824TNHAM,Handgun,35.1185491,-89.904645
20040830ILPRM,Handgun,41.8789942,-87.8436412
20040912LABON,Handgun,29.951065,-90.071533
20040915INWIG,Handgun,41.6020962,-87.3370647
20041002NEJEG,Handgun,40.924271,-98.338685
20041007MANEN,Shotgun,42.8125913,-70.8772751
20041012CALAS,Handgun,37.3688301,-122.036349
20041015CABIB,No Data,39.4123876,-121.712751
20041021MDTHB,Handgun,39.2908816,-76.610759
20041022CATYH,No Data,37.6688205,-122.080796
20041115ALPAB,Handgun,33.5206824,-86.8024326
20041115INBRG,No Data,41.6020962,-87.3370647
20041116SCBAB,Handgun,32.4332813,-80.7467525
20041117FLAPA,Handgun,28.678013,-81.511398
20041119FLTEJ,Handgun,30.3321838,-81.655651
20041209WALAS,No Data,47.7706486,-117.5447364
20041213LALAL,Handgun,30.2305095,-93.2169807
20041231TXRIR,Handgun,29.5821811,-95.7607832
20050105PAMUN,Handgun,39.9972609,-75.1552656
20050126ILWOP,Handgun,40.6938609,-89.5891008
20050204GAMCA,Handgun,33.7489924,-84.3902644
20050208ILBOC,No Data,,
20050302TNSTD,Handgun,36.529776,-87.814594
20050309TNMAN,Handgun,36.095567,-86.8011251
20050310TXZAD,Handgun,,
20050314OHLEC,Handgun,39.9622601,-83.0007065
20050316PACAP,Rifle,40.4416941,-79.9900861
20050317CALOL,Handgun,,
20050317LAOPA,Handgun,29.9413467,-90.0375901
20050321MNRER,Handgun,47.8605178,-96.0988343
20050321MNRER,Shotgun,47.8605178,-96.0988343
20050321NYNEB,Handgun,40.6526006,-73.9497211
20050324TNFAM,Handgun,35.1185491,-89.904645
20050330TNEAM,Handgun,35.1185491,-89.904645
20050407TXCAC,Handgun,32.555664,-95.8640507
20050427LALER,Handgun,30.0823981,-90.5585162
20050429OHDAC,No Data,,
20050514TXBER,Handgun,32.9481789,-96.7297206
20050517PAHIL,Handgun,40.2295743,-76.9183997
20050520ILLOM,Other,42.2525476,-88.6078921
20050524COACD,Other,39.7392364,-104.984862
20050524LABOS,Handgun,32.48086,-93.713856
20050608NYARP,Other,,
20050612NJBAA,Handgun,,
20050718NJWEN,Handgun,40.735657,-74.1723667
20050816VICOE,No Data,17.72303,-64.78292
20050817CAPLB,Handgun,35.3738712,-119.0194639
20050819GAMOM,Handgun,33.5831662,-84.3393683
20050825TNMAD,Handgun,36.0219145,-83.4036691
20050901AKDIA,Handgun,61.218056,-149.900284
20050902FLSOJ,Handgun,30.3321838,-81.655651
20050913ILHAC,Handgun,41.8755616,-87.6244212
20050924MISAS,No Data,,
20051011MIFAF,Shotgun,42.4644795,-83.3763219
20051014NYSAN,Handgun,40.7127281,-74.0060152
20051019CASAS,No Data,34.8253019,-116.0833144
20051020MISAS,Handgun,43.4200387,-83.9490365
20051027CABIF,No Data,36.7394421,-119.7848307
20051028MDANA,Handgun,38.9786401,-76.492786
20051028NYFAF,Handgun,40.7328811,-73.4458564
20051108TNCAJ,Handgun,36.3507881,-84.1473621
20051115FLPAM,Handgun,25.9873137,-80.2322706
20051116TXIRS,Handgun,29.4195889,-98.6401832
20051205MABOR,Handgun,42.3248426,-71.0950158
20051206CASAG,Handgun,33.7746292,-117.9463717
20051206MICED,Handgun,42.3315509,-83.0466403
20060103NJLIJ,Handgun,,
20060110DEMOW,Handgun,39.7459468,-75.546589
20060111WIMAM,No Data,43.050831,-87.9586142
20060113ALPIP,Handgun,32.4640245,-86.4596966
20060113FLMIL,Rifle,28.7012172,-81.3461738
20060113MIOSD,Handgun,42.3315509,-83.0466403
20060118MTFRA,Other,46.1294685,-112.953131
20060118TXPAA,Handgun,29.4238472,-95.2441009
20060118VAINC,Handgun,36.7183708,-76.2466798
20060119OHWIC,No Data,39.1014537,-84.5124602
20060123CAWIV,Handgun,38.3565773,-121.9877444
20060127TXLAG,Handgun,32.8573945,-96.575419
20060130MTCMG,Handgun,47.5048851,-111.29189
20060203CALOC,Handgun,33.894927,-118.226624
20060209DEWIN,Handgun,39.6159851,-75.662956
20060215PAWEY,Handgun,39.9624662,-76.727729
20060221PAWEP,Rifle,40.4416941,-79.9900861
20060223ORROR,Handgun,43.216505,-123.3417381
20060310NYISN,Other,40.7127281,-74.0060152
20060314NVPIR,Handgun,39.5261206,-119.8126581
20060405DCROW,No Data,38.8950368,-77.0365427
20060418TXWEH,Handgun,29.7589382,-95.3676974
20060424NCEAC,Shotgun,35.9131542,-79.05578
20060505FLPAM,Handgun,25.9873137,-80.2322706
20060522SCBUI,Handgun,34.151439,-81.201246
20060525PANON,Rifle,,
20060605CAVEL,Handgun,34.0536909,-118.242766
20060606INWIG,Handgun,41.6020962,-87.3370647
20060615MIPED,Handgun,42.3315509,-83.0466403
20060731FLYOT,Handgun,27.9477595,-82.458444
20060815KYJTV,Handgun,37.8100674,-85.9813524
20060817TXMEA,Handgun,30.2711286,-97.7436995
20060819OHSOY,Handgun,41.1035786,-80.6520161
20060820GALYH,Handgun,31.8477347,-81.5960705
20060821INCAN,Handgun,37.9456824,-87.4046571
20060824VTESE,Handgun,44.514164,-73.056485
20060829DCANW,Handgun,38.8950368,-77.0365427
20060830NCORH,Multiple Unknown,36.0752088,-79.0992085
20060831ALOXO,Handgun,33.706205,-86.670079
20060905TNKIM,Handgun,35.1185491,-89.904645
20060908TXSOF,Handgun,32.753177,-97.3327459
20060913MOWEC,Handgun,38.6613007,-90.4423653
20060921DCCAW,Handgun,38.8950368,-77.0365427
20060927COPLB,Handgun,39.4064662,-105.4717013
20060929WIWEC,Multiple Unknown,43.458489,-90.214098
20061002PAWEN,Multiple Unknown,39.9539915,-76.0807861
20061009MOMEJ,Rifle,37.0841838,-94.5133385
20061010NYPOP,Other,,
20061012MDGRB,Handgun,39.2908816,-76.610759
20061017TXSEK,No Data,29.7857853,-95.8243956
20061031TNHAK,Handgun,36.0411087,-83.9239403
20061111CALIO,Handgun,37.8044557,-122.271356
20061122GASAA,Handgun,33.7489924,-84.3902644
20061201NCJOT,Handgun,35.0636588,-77.3534758
20061207NENOO,Handgun,41.2587459,-95.9383758
20061211ILCLC,Handgun,41.8755616,-87.6244212
20061212PASPS,Rifle,39.9306677,-75.3201879
20061213PABAB,Other,,
20061214PAMCC,Rifle,40.1178504,-80.4103439
20070102NCWEF,Handgun,35.0525759,-78.878292
20070103WAHET,Handgun,47.2374811,-122.4933075
20070104MINOD,No Data,,
20070108OHROC,Handgun,,
20070109CAGRV,No Data,34.1866193,-118.4486675
20070109NVWEL,Handgun,36.1672559,-115.148516
20070118PAWIP,Handgun,39.9527237,-75.1635262
20070124TNHAS,Handgun,35.2248034,-88.2492037
20070131ILHIC,Handgun,,
20070207FLPAJ,Handgun,30.3321838,-81.655651
20070208ORCRP,Handgun,44.2998261,-120.834972
20070208TXSTP,Other,29.8988618,-93.9288723
20070226CASLA,Other,,
20070227GACLA,Other,,
20070307CACEC,Handgun,33.894927,-118.226624
20070307MIHEM,Handgun,43.6155825,-84.2472117
20070307TXGRG,No Data,33.1384488,-96.1108066
20070308TNEAC,Handgun,34.998718,-85.2793086
20070323FLUNO,Other,28.5421109,-81.3790304
20070327CTSAH,Handgun,41.764582,-72.6908547
20070329SCMYM,Handgun,33.7191821,-78.8682558
20070410ILCHC,Handgun,41.8755616,-87.6244212
20070410ORSPG,Rifle,45.4997475,-122.4309766
20070418NCNOH,Handgun,35.4108278,-80.8429304
20070503OHGED,Other,,
20070504TXTIE,Handgun,28.8983009,-96.1419204
20070510MIHED,No Data,,
20070512TXWEM,Shotgun,,
20070515TXLIL,Handgun,,
20070523RIOAC,Other,41.7000996,-71.6828444
20070530NCVAG,Other,,
20070531NCNOG,Other,,
20070617SCBRB,Handgun,32.4215676,-80.7560189
20070628TXDAD,Handgun,32.7810789,-96.690261
20070709ILCAC,No Data,,
20070804NJMON,Handgun,40.735657,-74.1723667
20070928CALAO,Handgun,,
20070930AZSSP,No Data,,
20071001CTPLM,Other,41.5381535,-72.8070435
20071010OHSUC,Handgun,41.4996574,-81.6936772
20071024TNMAM,Handgun,35.1705651,-90.0324377
20071105LAJOR,Handgun,29.9602043,-90.2156316
20071126NYHOH,Handgun,,
20071221CABAU,No Data,36.3302284,-119.292058
20080204TNHAM,Handgun,35.100748,-90.0164714
20080211TNMIM,Handgun,35.1185491,-89.904645
20080214CAEOO,Handgun,34.1976308,-119.1803818
20080306ALDAM,Handgun,30.6913462,-88.0437509
20080416CAROF,Handgun,36.7394421,-119.7848307
20080516LAMAT,No Data,32.4084539,-91.1869112
20080811WAWAK,Handgun,46.1348314,-122.9119184
20080814WALAF,Handgun,47.3203876,-122.3547339
20080821TNCEK,Handgun,36.0411087,-83.9239403
20080902OHSOW,Handgun,,
20080915CAMIS,Handgun,38.5810606,-121.493895
20080919CAGEA,No Data,33.920407,-118.279049
20081016MIHED,No Data,42.3315509,-83.0466403
20081020CAVAA,Handgun,34.4807415,-118.1868379
20081023ALPRP,Handgun,30.7387998,-88.0788889
20081029CAELG,Other,37.0065078,-121.5631723
20081031MESTS,No Data,,
20081103CABEB,Handgun,33.9747806,-118.1866361
20081103CAELO,Other,,
20081112FLDIF,Handgun,26.1223084,-80.1433786
20081115COTHL,Handgun,40.385549,-105.0443613
20081115UTDES,Handgun,37.104153,-113.5841313
20081118CACEC,Handgun,37.5949316,-120.9577098
20081118CACOO,Handgun,,
20081125TXNOH,No Data,,
20081130CAOAG,Handgun,33.7746292,-117.9463717
20081202CAKIK,Handgun,36.2127439,-121.126028
20081205MNSHF,Handgun,43.6647961,-93.9510501
20081212NCGUA,Handgun,35.7079146,-79.8136446
20081212NYWIM,Handgun,40.765722,-72.836722
20081221SCSUS,Handgun,32.998755,-80.213348
20081222FLLAL,Handgun,27.9094665,-82.7873244
20081227PAWIP,No Data,,
20081231GASHS,Shotgun,32.0790074,-81.0921335
20081231OKKEN,No Data,35.2225717,-97.4394816
20090108DEWIN,Handgun,39.6159851,-75.662956
20090109ILDUC,Handgun,41.8755616,-87.6244212
20090114ILPEC,No Data,41.8755616,-87.6244212
20090120ILCOC,Handgun,,
20090120MIBEM,Handgun,,
20090120PAEAE,Handgun,42.1294712,-80.0852695
20090123ILCAC,Handgun,38.5661605,-90.1794236
20090127NCCLC,Handgun,,
20090210CABAE,Handgun,,
20090211NCSCZ,Handgun,35.8221621,-78.3132126
20090217MICED,Handgun,42.3315509,-83.0466403
20090220CAJOH,Shotgun,37.6688205,-122.080796
20090223CTBRN,Handgun,,
20090302SDROS,Other,43.5166419,-96.7217165
20090306NCWEF,No Data,35.0525759,-78.878292
20090310FLRIJ,Handgun,,
20090311TXCYH,Handgun,,
20090413CALOL,Handgun,34.0536909,-118.242766
20090501WISHS,No Data,43.7484308,-87.715252
20090505NYCAC,Shotgun,42.8858579,-77.2799761
20090518LALAL,Handgun,,
20090615CAINS,Handgun,,
20090624IAAPP,Handgun,42.5755594,-92.7870402
20090827NCWEF,Handgun,35.0525759,-78.878292
20090908CTSTS,Handgun,41.0534302,-73.5387341
20090916VAVIG,Handgun,37.6653991,-77.5048404
20091008NYMAM,Rifle,40.9912115,-72.5342547
20091016SCCAC,Handgun,33.6849121,-78.997381
20091030CAWIL,Shotgun,33.7690164,-118.191604
20091106PAHAW,Handgun,39.9568763,-75.1846425
20091211LABOS,Handgun,32.48086,-93.713856
20100120ALLIL,No Data,30.62028122,-87.75299835
20100205ALDIM,Handgun,31.3187878,-85.4938975
20100210TNINK,Handgun,36.0411087,-83.9239403
20100223CODEL,Rifle,39.613321,-105.016649
20100226WABIT,No Data,47.1879409,-122.452427
20100428VAWOP,Handgun,36.8320081,-76.297699
20100518CASOS,Handgun,33.9463456,-118.200981
20100830TNSUB,Handgun,36.531447,-82.386682
20100908MIMUD,No Data,42.3315509,-83.0466403
20100921SCSOC,Handgun,33.6849121,-78.997381
20101001CAALS,No Data,36.6744117,-121.655037
20101008CAKEC,Handgun,33.1580933,-117.3505966
20101023KSTOT,Handgun,39.049011,-95.677556
20101129WIMAM,Handgun,45.0807092,-87.6309036
20101206COAUA,Handgun,39.7405111,-104.830994
20110104INCRC,Other,,
20110105NEMIO,Handgun,41.2587459,-95.9383758
20110118CAGAL,Handgun,34.0536909,-118.242766
20110202CALOP,Handgun,38.7296252,-120.798546
20110325INMAM,Handgun,39.4278253,-86.428328
20110330TXWOH,Handgun,29.7589382,-95.3676974
20110413FLSHA,Handgun,28.678013,-81.511398
20110419TXBEH,Handgun,29.7589382,-95.3676974
20110517WAHOE,Handgun,47.9219576,-122.2366898
20110523HIHIP,Handgun,21.4001231,-157.969428
20110923WAISS,Rifle,,
20110930NCGAC,Handgun,35.2272086,-80.8430827
20110930ORWIP,Handgun,45.5202471,-122.674194
20110930ORWIP,Shotgun,45.5202471,-122.674194
20111024NCCAF,Rifle,35.0525759,-78.878292
20111212TXHAE,Rifle,,
20111228MINOF,Handgun,,
20120104TXCUB,Handgun,25.9015688,-97.4984005
20120110TXNOH,Handgun,29.7589382,-95.3676974
20120210NHWAW,Shotgun,43.07943,-72.4259189
20120222WAARB,Handgun,47.5933106,-122.6360255
20120227OHCHC,Handgun,41.5824944,-81.2034066
20120306FLEPJ,Rifle,30.3321838,-81.655651
20120315ALLEM,Handgun,30.6913462,-88.0437509
20120401ARKIR,Handgun,36.3330154,-94.1166283
20120525AZWEA,Handgun,33.4355977,-112.349602
20120525NCMAC,Handgun,35.9131542,-79.05578
20120706RINAP,No Data,41.8789531,-71.3821203
20120816TNHAM,Unknown,35.100748,-90.0164714
20120824GABAH,Handgun,34.3337156,-83.499055
20120827MDPEP,Shotgun,39.4042496,-76.4795561
20120907ILNON,Handgun,40.5092961,-88.9843937
20120926OKSTS,Handgun,36.1156306,-97.0585717
20121012NDFAF,Handgun,46.05496,-96.60229
20121019ILBAC,Unknown,41.8755616,-87.6244212
20121210TXSPH,Handgun,29.7589382,-95.3676974
20121214CTSAN,Handgun,41.4134764,-73.3086445
20121214CTSAN,Handgun,41.4134764,-73.3086445
20121214CTSAN,Rifle,41.4134764,-73.3086445
20121214CTSAN,Shotgun,41.4134764,-73.3086445
20130107FLAPF,Unknown,26.640628,-81.8723084
20130110CATAT,Shotgun,35.1424671,-119.456507
20130111MIOSD,Unknown,42.3315509,-83.0466403
20130131GAPRA,Handgun,33.7489924,-84.3902644
20130201MIMAD,Handgun,42.3315509,-83.0466403
20130213CAHIS,Handgun,37.7249296,-122.1560768
20130227GAGRA,Handgun,33.7489924,-84.3902644
20130321MIDAS,Handgun,42.2037103,-83.2067556
20130416TXTET,Handgun,31.1058315,-97.3556697
20130429OHLAC,Handgun,39.1014537,-84.5124602
20130430NMTUT,Rifle,33.073973,-106.018602
20130513ALOSB,Handgun,,
20130523FLREH,Handgun,25.4718946,-80.4759905
20130618NCHIC,Handgun,35.2272086,-80.8430827
20130619FLALW,Handgun,26.715364,-80.0532942
20130815TNNOC,Handgun,36.5723618,-87.4343127
20130820GAROD,Rifle,30.8736613,-84.5740953
20130822TNWEM,Handgun,35.1185491,-89.904645
20130823MSNOS,Unknown,,
20130830NCCAW,Handgun,36.0998131,-80.2440518
20130927ILROC,Handgun,41.8755616,-87.6244212
20130928MENEG,Unknown,43.8860922,-70.3303592
20131002NHWIS,Other,43.489296,-71.582794
20131004FLAGP,Unknown,28.5825505,-81.4618323
20131015TXLAA,Handgun,30.2711286,-97.7436995
20131021NVSPS,Handgun,39.5404679,-119.7487235
20131023CANEC,Rifle,34.0133561,-117.690075
20131101IAALA,Unknown,43.0699663,-94.233019
20131103GASTL,Unknown,33.7123305,-84.1051939
20131113PABRP,Handgun,40.4416941,-79.9900861
20131204FLWEW,Handgun,28.5656649,-81.5856742
20131213COARC,Shotgun,39.579155,-104.8769227
20131219CAEDF,Handgun,36.7394421,-119.7848307
20140109TNLIJ,Handgun,35.671568,-88.776383
20140113CTHIN,Handgun,41.3082138,-72.9250518
20140114LASTB,Handgun,30.4494155,-91.1869659
20140114NMBER,Shotgun,33.3943282,-104.5229518
20140114PAKIL,Handgun,,
20140117PADEP,Handgun,39.9527237,-75.1635262
20140127ILREC,Handgun,37.7274692,-89.216655
20140128HIPRH,Handgun,21.304547,-157.855676
20140131AZCEP,Unknown,33.4484367,-112.074141
20140131IANOD,Unknown,41.5910323,-93.6046655
20140207ORBEB,Rifle,44.0581728,-121.3153096
20140210NCSAS,Handgun,35.6709727,-80.4742261
20140211OHCHL,Handgun,41.519981,-81.478152
20140220MIRAR,Handgun,42.965749,-85.34258
20140307LAMAT,Handgun,,
20140312FLACM,Handgun,25.7741728,-80.19362
20140325GABEC,Handgun,33.6534427,-84.4493725
20140403NJUNN,No Data,40.735657,-74.1723667
20140409NCDHG,Handgun,35.613224,-77.3724593
20140410OHLIC,Handgun,39.9622601,-83.0007065
20140411MIEAD,Unknown,42.3315509,-83.0466403
20140421INSTG,No Data,41.534507,-87.4255305
20140421UTPRP,Handgun,40.2499433,-111.7157768
20140503WAHOE,No Data,,
20140514CAJOR,Unknown,,
20140521WICLM,Handgun,43.0669734,-87.9492708
20140610ORRET,Handgun,45.5317928,-122.391155
20140610ORRET,Rifle,45.5317928,-122.391155
20140623MOKEB,Handgun,38.2930723,-93.3036786
20140813MDHEF,No Data,39.415779,-77.4127562
20140814VASAN,Shotgun,36.9775016,-76.42977
20140909FLSTM,Multiple Unknown,25.7741728,-80.19362
20140910FLGRL,Handgun,28.7562749,-81.322093
20140911UTWET,Handgun,40.6676347,-111.9388027
20140919IANOD,Shotgun,41.5910323,-93.6046655
20140925NHWEM,Other,42.9956397,-71.4547891
20140930KYFEL,Handgun,38.2542376,-85.759407
20140930NCALA,Handgun,35.3501426,-80.2000578
20141003GALAF,Handgun,33.5670562,-84.5810418
20141021TNAMM,Handgun,35.1185491,-89.904645
20141024GALAA,Handgun,33.7489924,-84.3902644
20141024WAMAM,Handgun,48.0953083,-122.1555549
20141120FLMIM,Handgun,25.7741728,-80.19362
20141212ORROP,Handgun,45.5202471,-122.674194
20141216PASUP,No Data,,
20141217MEBEW,Handgun,44.5520105,-69.6317121
20141217MIGOW,Handgun,42.9132581,-85.7057035
20150115WIWIM,Handgun,43.0331896,-88.0160292
20150116FLVAO,Handgun,29.1871986,-82.1400923
20150120ALWIM,Handgun,30.6913462,-88.0437509
20150122SCROH,Handgun,,
20150126MNHAR,Handgun,45.0060767,-93.1566107
20150204MDFRF,Handgun,39.415779,-77.4127562
20150215ARLAL,No Data,34.7465071,-92.2896267
20150215CATEM,Unknown,37.1641544,-120.7678602
20150330MOPEU,No Data,,
20150417TXSES,No Data,29.5688411,-97.9647269
20150422NVRUL,Handgun,36.1672559,-115.148516
20150427WANOL,Handgun,47.05148,-122.8307079
20150428MDDRW,Handgun,38.3566253,-75.0736842
20150504OHWIC,No Data,,
20150505GACOC,Handgun,33.6676103,-84.0176904
20150512AZCOT,Handgun,33.4255117,-111.9400164
20150512FLUNJ,Handgun,30.3321838,-81.655651
20150520TXROR,No Data,31.4676687,-97.1147226
20150524MISOF,No Data,,
20150527FLEVE,Handgun,25.8574788,-81.384961
20150604NCSOF,Handgun,36.1028596,-78.2787229
20150623NEFOF,Handgun,41.4558282,-96.0264024
20150627CTSAH,No Data,,
20150629TXJOS,Handgun,29.4195889,-98.6401832
20150705TXCOD,Handgun,32.7810789,-96.690261
20150724TXELC,Handgun,29.5180081,-98.3161241
20150808TXPAP,Handgun,33.1471131,-97.6918412
20150823TXWIR,Handgun,29.5821811,-95.7607832
20150825GAWSA,Handgun,33.4709714,-81.9748429
20150903ORNEN,No Data,,
20150911LANOL,No Data,30.2043259,-92.0298813
20150922NCCES,Handgun,35.7826363,-80.8872959
20150930SDHAH,Handgun,43.4314143,-96.6894122
20151015TXKAS,Handgun,29.4195889,-98.6401832
20151024TXEDS,No Data,29.4195889,-98.6401832
20151105GAVEM,Handgun,31.179998,-83.7887928
20151111ARSUS,Handgun,35.751188,-91.5006905
20151120FLNAM,Handgun,,
20151204KSWEW,Handgun,,
20160112DECED,Handgun,39.158168,-75.5243682
20160113ARHAB,Handgun,35.9288199,-89.9073557
20160120INNOI,Handgun,,
20160122INLAI,Handgun,39.7683331,-86.1583502
20160129PABEP,Handgun,39.9527237,-75.1635262
20160209MIMUM,Handgun,43.201126,-86.238946
20160212AZING,Handgun,33.5386858,-112.185994
20160217FLROH,Handgun,,
20160217PACHC,Handgun,39.9829308,-75.7652424
20160226TXPAP,Handgun,31.73452,-95.531381
20160229OHMAM,Handgun,39.5150576,-84.3982763
20160315ALHUB,Handgun,33.5206824,-86.8024326
20160423WIANA,Rifle,45.131018,-89.17542
20160502TXKID,Handgun,32.7810789,-96.690261
20160504COEAP,Handgun,38.2544472,-104.609141
20160505MDHIB,Handgun,39.0299081,-76.9149547
20160506FLOSP,Handgun,30.1586518,-85.6602936
20160506IDROT,Handgun,42.5704456,-114.4602554
20160513SCSOG,Handgun,34.8243473,-82.4693216
20160515KSAUA,Handgun,37.6913769,-96.9707179
20160608MAJED,Unknown,42.2973205,-71.0744952
20160616ILMCC,No Data,41.8755616,-87.6244212
20160630CAWOH,No Data,,
20160725MOAVA,Handgun,36.9519236,-92.6600096
20160817OHWEC,Handgun,,
20160819FLSOM,Handgun,,
20160902OKMCT,Handgun,36.1563122,-95.9927516
20160907MIDED,No Data,42.3315509,-83.0466403
20160908TXALA,Handgun,30.3602181,-103.6628596
20160909IACEC,Handgun,41.9758872,-91.6704053
20160909PASMY,Handgun,39.9624662,-76.727729
20160926MSTAJ,Handgun,32.2998686,-90.1830408
20160927OHELC,Rifle,,
20160928SCTOT,Handgun,34.561947,-82.902606
20160930ILCHC,No Data,,
20161006TXDUF,No Data,,
20161011ALVIM,No Data,30.6913462,-88.0437509
20161013OHLIC,Handgun,39.9622601,-83.0007065
20161015GABEA,No Data,,
20161018CAJUS,Multiple Unknown,37.7790262,-122.419906
20161025UTUNS,Handgun,40.5710454,-111.8953815
20161102COGRG,No Data,39.063956,-108.5507317
20161103COBEB,No Data,40.297553,-105.0509705
20161111MIBAA,Handgun,43.603358,-84.069705
20161117MNCRS,Handgun,44.9497487,-93.0931028
20161201UTMUB,Shotgun,40.8894611,-111.8804817
20161209MOBAS,Handgun,38.6280278,-90.1910154
20161209NVHUR,Handgun,39.5261206,-119.8126581
20170101DELAH,Handgun,,
20170110ALALA,Handgun,32.944012,-85.9538532
20170117FLFRE,No Data,29.752006,-84.8684746
20170120OHWEW,Shotgun,40.2522771,-83.7557663
20170127SCSOA,Handgun,33.521547,-81.7135294
20170206LASCB,Handgun,30.4494155,-91.1869659
20170218MNMAM,Handgun,45.0082216,-93.0456985
20170316ALROM,Handgun,32.3669656,-86.3006485
20170321CAKIK,Handgun,36.2127439,-121.126028
20170328PALIP,Handgun,40.4729398,-79.8176723
20170410CANOS,Handgun,34.8253019,-116.0833144
20170415OKBOT,No Data,,
20170515LAMOL,Handgun,30.2305095,-93.2169807
20170523TXKEK,Handgun,30.6604815,-93.8926809
20170524ALGRG,Handgun,32.7045753,-87.5958396
20170524NEMCO,No Data,41.2587459,-95.9383758
20170526OKMCT,Handgun,36.1563122,-95.9927516
20170616ILWAC,Handgun,41.8755616,-87.6244212
20170622SCWIF,Handgun,34.229625,-79.661821
20170719WIHIM,Handgun,43.0939614,-87.9766031
20170721UTSPS,Handgun,40.1150133,-111.6547774
20170801GABAV,Handgun,30.8327022,-83.2784851
20170817GALIL,No Data,33.7939953,-84.6604899
20170831CAARS,Handgun,34.8253019,-116.0833144
20170908ARNON,No Data,34.769536,-92.2670941
20170908OHCOC,Handgun,39.9622601,-83.0007065
20170913WAFRR,Handgun,47.492907,-117.200676
20170913WAFRR,Rifle,47.492907,-117.200676
20170920ILMAM,Handgun,39.4842821,-88.3773279
20170928KYSOL,No Data,,
20170929CASUL,Other,,
20170929MOLEL,No Data,38.9125218,-94.3799126
20170930PAPUC,Handgun,40.706462,-78.924401
20171012NCCHC,Handgun,35.2272086,-80.8430827
20171014NCKEK,Handgun,36.1198589,-80.0736533
20171020OHSTT,Handgun,,
20171027NYPRU,No Data,43.1009031,-75.2326641
20171103MIPAL,Handgun,42.7337712,-84.5553805
20171109GABEC,Handgun,33.6534427,-84.4493725
20171110GALAM,Handgun,33.0801429,-83.2320991
20171114CARAR,Handgun,40.0027864,-122.4450792
20171114CARAR,Handgun,40.0027864,-122.4450792
20171114CARAR,Rifle,40.0027864,-122.4450792
20171114CARAR,Rifle,40.0027864,-122.4450792
20171114FLLAM,Handgun,28.5744441,-81.7461873
20171117TNNOJ,No Data,,
20171123COMAD,No Data,,
20171128CABOS,Shotgun,,
20171129OHBAL,Handgun,40.7399785,-84.105006
20171130VASAV,No Data,36.7829597,-76.1436111
20171207NMAZA,Handgun,36.8145959,-107.969441
20171209ILCHC,Handgun,40.1164841,-88.2430932
20171211NCHIH,Handgun,35.9556924,-80.0053176
20171212TXSAP,No Data,29.6771666,-95.181831
20171214TXELD,Handgun,32.7810789,-96.690261
20171219MIBEB,Handgun,43.0900266,-83.6944022
20171227CALIL,Handgun,34.6981064,-118.1366153
20171231LAEDA,Multiple Unknown,29.9413467,-90.0375901
20171231WAPIM,No Data,48.0732974,-122.160771
20180104WANES,No Data,,
20180105IAFOF,Other,43.2626747,-93.6376741
20180109AZCOS,Handgun,31.5545973,-110.2997756
20180116VTMOM,Handgun,44.2601679,-72.587845
20180122LANEN,No Data,29.951065,-90.071533
20180122TXITI,Handgun,32.1840381,-96.8847194
20180123KYMAB,Handgun,36.8572781,-88.350315
20180125ALMUM,Handgun,30.6913462,-88.0437509
20180126MIDED,No Data,,
20180131PALIP,Multiple Unknown,39.9527237,-75.1635262
20180201CASAL,Handgun,34.0536909,-118.242766
20180205MDOXO,Handgun,38.8035961,-76.9896573
20180205MNHAM,Handgun,45.0082216,-93.0456985
20180208NYTHN,Handgun,,
20180209TNPEN,Handgun,36.095567,-86.8011251
20180214FLMAP,Rifle,26.3100794,-80.23727
20180215FLNOC,Handgun,26.2517482,-80.1789351
20180220OHJAM,Rifle,40.7965119,-81.5231597
20180226WAOAT,Handgun,47.195389,-122.420908
20180228GADAD,Handgun,34.7691867,-84.9702475
20180305MOKIC,No Data,37.9875505,-90.6884628
20180307ALHUB,Handgun,33.5206824,-86.8024326
20180309KYFRL,Handgun,38.0464066,-84.4970393
20180313CASES,Handgun,36.62593,-121.8169383
20180313VAGEA,Handgun,38.8051095,-77.0470229
20180316MTBIM,Handgun,46.8701049,-113.995267
20180319VADOP,No Data,36.8320081,-76.297699
20180320MDGRG,Handgun,38.2367924,-76.4971762
20180328MSEUE,Handgun,33.5406769,-89.2670124
20180329KYJOE,Handgun,,
20180409NYGLG,Handgun,43.0508945,-74.3452991
20180412MORAR,Handgun,39.064758,-94.50094
20180419MIJAJ,Handgun,42.2416466,-84.425589
20180420FLFOO,Shotgun,29.1871986,-82.1400923
20180423GABEA,Handgun,33.7489924,-84.3902644
20180503SDENW,No Data,,
20180503TNWAW,No Data,35.3080037,-87.7628252
20180505MIFOF,Handgun,42.6605894,-84.0730142
20180511CAHIP,Rifle,34.5793131,-118.1171108
20180516ILDID,Rifle,41.8425197,-89.4814291
20180517MOCEK,Handgun,,
20180518GAMOA,Handgun,33.7489924,-84.3902644
20180518TXSAS,Handgun,29.3780129,-95.1057625
20180518TXSAS,Shotgun,29.3780129,-95.1057625
20180521GABEG,No Data,33.2467807,-84.2640904
20180525INNON,Handgun,40.0455918,-86.0085955
20180525INNON,Handgun,40.0455918,-86.0085955
20180601TXMCM,No Data,33.1976496,-96.6154471
20180615OHVAB,No Data,40.4900675,-84.546468
20180617ORGRP,No Data,,
20180621TXSKD,No Data,,
20180624MTSEM,Handgun,46.8701049,-113.995267
20180625OHFUS,Handgun,39.9234046,-83.810138
20180701TNRAM,No Data,,
20180703KSSUO,Handgun,38.9774513,-95.2997772
20180711OHMIM,No Data,,
20180717WVHUH,Handgun,,
20180719WAWEY,No Data,,
20180804MDEDE,No Data,,
20180809NJLAM,No Data,39.4020593,-75.0393368
20180811TNANN,Handgun,36.095567,-86.8011251
20180817FLPAW,Handgun,26.6379988,-80.2559078
20180823ALALM,Handgun,,
20180824FLRAJ,Handgun,30.3321838,-81.655651
20180824ILMEC,Multiple Unknown,41.8755616,-87.6244212
20180828COCOD,Handgun,,
20180829DETOD,Unknown,39.158168,-75.5243682
20180830MIOTG,,42.9632425,-85.6678639
20180830NCVIC,Handgun,35.2272086,-80.8430827
20180831CABAS,Handgun,37.7790262,-122.419906
20180831IANOE,Handgun,41.6580467,-90.5846035
20180903NYLUN,Handgun,40.7127281,-74.0060152
20180905RIPRP,Handgun,41.8239891,-71.4128343
20180907IAHED,No Data,,
20180909CAGIG,Handgun,37.0065078,-121.5631723
20180910ILCHC,Handgun,41.8755616,-87.6244212
20180910TNFAM,No Data,,
20180911NVCAL,Handgun,36.1672559,-115.148516
20180914FLBOB,Handgun,26.5256179,-80.0666026
20180914WAMAE,Handgun,47.8882722,-122.2358307
20180917ALBLH,Handgun,34.729847,-86.5859011
20180920CACHL,Handgun,,
20180920CAPOP,No Data,34.0553813,-117.7517496
20180924GAAPB,Handgun,31.7773202,-82.3490533
20180924NCLAC,Handgun,35.2272086,-80.8430827
20180924PACEP,Handgun,39.9527237,-75.1635262
20180926MDMAB,Handgun,39.2908816,-76.610759
20180927TXHEC,Handgun,32.9537349,-96.8902816
20180928SDCHC,Handgun,43.788615,-99.326748
20181002ARCHL,Handgun,,
20181003AKDEA,Handgun,61.218056,-149.900284
20181004ORJAP,Handgun,45.5202471,-122.674194
20181005TNHAB,Handgun,35.6017009,-89.2471352
20181005VALAN,Handgun,,
20181007VAVAH,Handgun,37.5131191,-77.3465081
20181012MIBAB,No Data,,
20181013TNMCN,No Data,36.095567,-86.8011251
20181020GASHS,Handgun,33.857328,-84.0199108
20181022CTDUB,Handgun,41.1670412,-73.2048348
20181023NHGOM,Other,42.9956397,-71.4547891
20181025MICOD,No Data,42.3315509,-83.0466403
20181029NCBUM,Handgun,35.1159532,-80.7224386
20181104KYCRL,Handgun,,
20181105SCACC,Other,,
20181108CACLS,No Data,34.4221319,-119.702667
20181109GAGAM,Handgun,33.9528472,-84.5496148
20181112MDEAE,Handgun,39.3075071,-76.4790355
20181120VASIP,Handgun,36.8320081,-76.297699
20181121MIPEP,Other,43.7817341,-86.4331053
20181122TXSKD,Handgun,32.7810789,-96.690261
20181122WAMOD,Handgun,47.3997285,-122.3076625
20181124OHAFC,Handgun,39.9622601,-83.0007065
20181128PASTP,No Data,39.9527237,-75.1635262
20181210NYJEJ,Handgun,44.059311,-75.9995742
20181211KYCAC,Other,,
20181213INDER,Handgun,,
20181213INDER,Rifle,,
20181214MOWIK,Handgun,39.100105,-94.5781416
20181218DEAIG,Handgun,,
20190107CACEB,No Data,37.5164926,-122.2941914
20190111ORCAE,Handgun,44.0505054,-123.0950506
20190118ALCET,Handgun,33.2095614,-87.5675258
20190118MOHAS,Handgun,38.6280278,-90.1910154
20190118NCSHD,No Data,35.996653,-78.9018053
20190119KSLAO,Shotgun,38.9742502,-94.6851702
20190123LASOS,No Data,,
20190125ALDAM,Handgun,,
20190125TNMAM,Other,,
20190130GAMIL,Handgun,33.7123305,-84.1051939
20190131TNMAM,Other,,
20190131TXATA,Handgun,29.9990074,-95.1620137
20190205MNMIM,Handgun,44.9772995,-93.2654692
20190208MDFRB,Handgun,39.2908816,-76.610759
20190212MOCEK,Handgun,39.100105,-94.5781416
20190214NMV.R,Handgun,35.2702448,-106.6329806
20190217COEAA,Handgun,39.7405111,-104.830994
20190226ALROM,Handgun,32.3669656,-86.3006485
20190301KSHIM,Handgun,39.0277832,-94.6557914
20190313FLLAO,Handgun,28.5421109,-81.3790304
20190322ALBLB,Handgun,34.0814863,-86.5911027
20190327MSSVH,Handgun,33.1018124,-90.0656168
20190401ARPRP,Handgun,33.8026107,-93.3810057
20190403COAUA,Handgun,39.7405111,-104.830994
20190403FLSAJ,No Data,30.3321838,-81.655651
20190405WISTM,Handgun,43.0026333,-87.9216102
20190407MAHOL,No Data,,
20190410TXROH,Multiple Unknown,29.7589382,-95.3676974
20190417ILWAL,Handgun,41.811108,-87.8232695
20190424ARCOC,Handgun,35.2231408,-93.1579532
20190425GAWYS,Handgun,33.8062166,-84.1457505
20190426GACRF,Handgun,33.5670562,-84.5810418
20190430FLWEW,Handgun,28.2397301,-82.3278658
20190430VACDW,Handgun,38.6817233,-77.3020095
20190507COSTH,Handgun,,
20190508ILSEC,Handgun,41.8755616,-87.6244212
20190517FLTEJ,Handgun,30.3321838,-81.655651
20190517ORPAP,Shotgun,,
20190530DCHEW,Handgun,,
20190606ILGEC,Handgun,,
20190610ILMEW,Handgun,42.3636331,-87.8447938
20190612DCHEW,Handgun,,
20190612PAJEE,Handgun,40.5395421,-75.4968502
20190613NJTAW,Handgun,,
20190621MICAF,Handgun,,
20190629COJAC,Handgun,38.8339578,-104.825348
20190701NYSCN,Handgun,40.7127281,-74.0060152
20190702AKWIA,Handgun,,
20190711CTBUH,No Data,41.764582,-72.6908547
20190719CAMOS,Other,32.7174202,-117.1627728
20190808ALBLM,Handgun,32.3669656,-86.3006485
20190815TNEAN,Handgun,,
20190817GALAA,Handgun,33.7489924,-84.3902644
20190820PASAC,Handgun,40.201499,-77.1890783
20190823GAPEC,No Data,,
20190823MOPAS,Handgun,,
20190823MOROS,No Data,38.6280278,-90.1910154
20190824PAWIP,Handgun,39.9527237,-75.1635262
20190827CAHOL,No Data,,
20190827NYROR,Handgun,40.678713,-73.5890168
20190830ALLAM,Handgun,30.6913462,-88.0437509
20190830NCKIK,Handgun,35.9587941,-78.5434024
20190830OHCET,Handgun,41.6529143,-83.5378173
20190902MDNOB,No Data,,
20190906ALCEC,No Data,,
20190906PAMCJ,Handgun,40.3281247,-79.6153198
20190906PAWEM,No Data,,
20190910SCSOA,Handgun,33.521547,-81.7135294
20190912KSMAM,No Data,,
20190913UTGRW,Handgun,40.6967254,-111.986821
20190913VAETN,Handgun,,
20190914TXEAF,Handgun,32.753177,-97.3327459
20190916ILILK,No Data,41.1253903,-87.848682
20190916VAPHH,Handgun,37.0300969,-76.3452057
20190920PASIP,Handgun,,
20190927NCZEC,Handgun,,
20191002GASOA,Handgun,33.7489924,-84.3902644
20191008COSHS,Handgun,39.6469285,-105.025058
20191008TXWEH,No Data,,
20191009MAGRL,Other,42.6414437,-71.3085329
20191011LARAR,Handgun,30.234925,-92.2684617
20191015LAGEN,Handgun,,
20191018GACRS,Handgun,,
20191018OHWOT,No Data,,
20191022CARIS,Handgun,38.4404925,-122.7141049
20191027MDLAL,Handgun,39.0984317,-76.8485094
20191029NYNEN,Handgun,40.7127281,-74.0060152
20191108CAEDS,No Data,,
20191108TXROD,No Data,32.7810789,-96.690261
20191111MDACB,Handgun,39.2908816,-76.610759
20191113CAESL,Unknown,,
20191114CASAS,Handgun,34.4127963,-118.5538088
20191115NJPLP,Handgun,39.3898388,-74.5240422
20191121ILRIO,Other,41.5164045,-87.7028957
20191124CASEU,Multiple Unknown,36.3302284,-119.292058
20191125ILCAC,Handgun,41.8755616,-87.6244212
20191126WASAV,Handgun,45.6959394,-122.6489578
20191201ALMOM,Handgun,33.60721207,-85.83425903
20191202WIWAW,Handgun,,
20191203WIOSO,Handgun,,
20191203WITHM,Other,43.065443,-89.502519
20191204NMPIL,Handgun,32.3140354,-106.779807
20191210ALDED,Handgun,34.6060203,-86.9838165
20191210KSJCK,No Data,,
20191210NJSAJ,Multiple Unknown,40.7215682,-74.047455
20191211INEVE,Other,,
20191211KSCHT,Other,,
20191213VAMAN,Handgun,36.8448348,-76.2863999
20191216CTCAN,Handgun,41.3082138,-72.9250518
20191219FLLEN,No Data,26.1421976,-81.7942944
20191221LAWES,Handgun,,
20191228MOMAS,No Data,38.6280278,-90.1910154
20200107WASOK,Other,46.1811478,-119.1884689
20200108FLGLB,Handgun,26.6845104,-80.6675577
20200110MSMCJ,Other,,
20200111TXELD,Handgun,32.7810789,-96.690261
20200114TXBEH,Handgun,29.7589382,-95.3676974
20200114TXPOM,Handgun,32.7666103,-96.599472
20200117MITHH,Handgun,42.4055981,-83.0965829
20200117SCCAS,No Data,34.2069222,-81.285874
20200119TXNOF,Handgun,32.6089229,-97.3970958
20200121ILLIC,Handgun,41.8755616,-87.6244212
20200121NEPAL,Other,40.8088861,-96.7077751
20200123CAOXO,Handgun,34.1976308,-119.1803818
20200127WAROY,Handgun,46.6035842,-120.5464946
20200128NYMAQ,Handgun,,
20200128TNWHM,Handgun,35.1185491,-89.904645
20200128TXLUL,Handgun,31.3386242,-94.7288558
20200131CADEA,Handgun,,
20200201TXHIH,Handgun,29.7589382,-95.3676974
20200203FLGEJ,Handgun,,
20200204LABEA,Rifle,30.3976485,-91.9316052
20200205NHSEC,Handgun,43.207178,-71.537476
20200212MOJOF,Handgun,38.744707,-90.3038975
20200215DCDUW,Unknown,,
20200221NMCEA,Unknown,35.0841034,-106.650985
20200302TXNOF,Handgun,32.747893,-96.4719289
20200305FLSAW,Handgun,26.1003392,-80.399513
20200310PASHN,Multiple Unknown,,
20200313TNPIR,Handgun,35.8656284,-84.68494
20200315TXATH,Handgun,29.9988312,-95.2621553
20200318LABOS,Handgun,32.48086,-93.713856
20200324LAROM,Handgun,32.5102427,-92.1032411
20200330GANAS,Handgun,33.6831296,-84.1358505
20200413NEMOO,Handgun,,
20200505CAGOV,No Data,,
20200515NCSTC,Handgun,35.2387504,-81.0750757
20200519VAWEM,Handgun,38.7509488,-77.4752667
20200522OHMIC,No Data,41.4996574,-81.6936772
20200525ALORM,Handgun,30.6913462,-88.0437509
20200527OHLUC,Handgun,41.4996574,-81.6936772
20200603IAGAD,No Data,41.5235808,-90.5770967
20200616FLTOM,Multiple Unknown,,
20200701ILFRP,Handgun,,
20200704INLAM,Handgun,41.7075394,-86.8950297
20200714MIWID,Handgun,42.3315509,-83.0466403
20200721SCBRO,Handgun,,
20200727AZCAO,Handgun,32.4000525,-110.955317
20200804PAKEP,Handgun,40.4416941,-79.9900861
20200729ILCOC,Handgun,38.6703267,-89.9845476
20200817MIABG,Handgun,,
20200825MOWEC,Handgun,,
19850418TNSOS,Handgun,35.0122635,-85.7058445
20190522OHSAC,Handgun,39.9622601,-83.0007065
20200830TXLOD,Handgun,32.7810789,-96.690261
20200630OHLAW,Rifle,39.3357398,-84.4155741
20200915UTVIB,Shotgun,40.8894611,-111.8804817
20200915SCYOR,Other,34.949602,-81.0807463
20200921CAPLP,Rifle,37.9479786,-122.0607963
20200909PAWEW,Handgun,39.9602669,-75.7140554
20200923FLHIJ,Other,30.3321838,-81.655651
20200923PAWIW,Handgun,40.2067751,-75.0996159
20200924ILMCS,Other,39.7990175,-89.6439575
20200924CAWAC,Handgun,37.5949316,-120.9577098
20200924CAWAC,Rifle,37.5949316,-120.9577098
20200925ILROR,Handgun,,
20190127NVRER,Handgun,39.5261206,-119.8126581
20150521FLDUJ,Handgun,30.3321838,-81.655651
20190918MNFOC,Handgun,46.7217279,-92.4613669
20130131GAPRA,Handgun,33.7489924,-84.3902644
20201005OKSOM,Other,,
20201005ARKIH,Handgun,34.5506573,-90.6417741
20201009FLJEJ,Handgun,30.3321838,-81.655651
20201012TXNOD,Handgun,32.7810789,-96.690261
20161216FLSAJ,Other,30.3321838,-81.655651
20190327FLMAJ,Other,30.3321838,-81.655651
20190927CADER,Handgun,37.9357576,-122.347748
20201012MNSHS,Shotgun,44.7980186,-93.5268986
20201014PABRB,Other,41.7746685,-76.5264613
20201014WAWAS,Handgun,46.3173678,-120.008661
20201002PAMAE,Other,40.0289955,-75.6207651
20201020ARJAP,Handgun,34.2157064,-92.0140402
20160928TNSYP,Handgun,36.3942164,-87.0366685
20201113NCLIL,Handgun,34.2203056,-78.0335992
20201116TNWIM,Handgun,35.1185491,-89.904645
20201117TXWEW,Handgun,32.7589648,-97.7970748
20201026GARIR,Handgun,33.5726113,-84.4132594
20201117MTGRG,Other,47.5048851,-111.29189
20201124NCHEH,Handgun,35.3187279,-82.4609528
20201125KSABG,Handgun,37.9716898,-100.8726618
20201211VATAY,Handgun,,
20201229WAROS,Handgun,47.6996627,-117.3855715
20210121OHEAC,Handgun,39.9622601,-83.0007065
20210121OKLOG,Handgun,36.5898616,-94.7685084
20210127FLHOH,Other,29.2435916,-81.0375555
20210201MIMUD,Handgun,42.3222599,-83.1763145
19900906GASOC,Rifle,34.2073196,-84.1401926
19900906GASOC,Shotgun,34.2073196,-84.1401926
19900906GASOC,Handgun,34.2073196,-84.1401926
20201225FLYOP,Handgun,,
20210210NJSCP,,40.9167654,-74.171811
20210210TXFOF,,32.753177,-97.3327459
20210208MISCG,,42.9632425,-85.6678639
20210205MDBEM,,38.8234836,-76.9498814
20210114MDHIW,,39.0398314,-77.0552555
20210110ILSOS,,39.7990175,-89.6439575
20210210LASTS,,30.1252011,-91.8334498
20210214MNROM,,44.9772995,-93.2654692
20210127MSHAH,Handgun,31.3271189,-89.2903392
20210216NCTHS,Other,,
20210217TNKNK,,,
20210219ILLIR,,42.2713945,-89.093966
20210222CAHOV,,,
20210224WAGAY,Handgun,46.607258,-120.520049
20210226LAGEN,Handgun,29.951065,-90.071533
20210301ARWAP,Handgun,34.2157064,-92.0140402
20210308SCEDC,Handgun,34.7389581,-80.1177871
20210309TNSAK,Handgun,36.0411087,-83.9239403
20210309OHBIC,,,
20210311OHCIC,,39.1014537,-84.5124602
20210313TXLEA,Handgun,32.44645,-99.7475905
20210318KYGRL,Handgun,38.2542376,-85.759407
20210319WVSPM,Other,39.540243,-77.902702
20210324ORFOS,Handgun,44.9391565,-123.033121
20180803IALIO,Handgun,41.0195659,-92.4116886
20210326MOCAS,Handgun,38.7877791,-90.6747372
20210327MAPEC,,42.3655767,-71.1040018
20210401OKCLC,Other,35.2301869,-97.3109151
20210401ALSES,Handgun,32.4078632,-87.0207473
19790226CABAB,Handgun,34.8986215,-117.0244313
20210104NYPEJ,Handgun,43.0068689,-74.3676437
20210407ILPEP,Handgun,40.6938609,-89.5891008
20210315INMEM,Handgun,41.4828144,-87.3328139
20210406ILBAC,Other,41.8755616,-87.6244212
20210412TNAUK,,35.990416,-83.887372
20210411INBIH,Handgun,41.5833618,-87.5000081
20210412CASAS,Rifle,32.7174202,-117.1627728
20210412CASAS,Handgun,32.7174202,-117.1627728
20210413TNMAC,Handgun,35.6150716,-87.0352831
20170415ORMEP,Handgun,45.5202471,-122.674194
20210418OHWED,Handgun,39.7589478,-84.1916069
20210420TXHAH,Handgun,31.0746347,-97.6590473
20210426MNPLP,Handgun,45.0065149,-93.46651
20210427TNLAM,Handgun,35.1185491,-89.904645
20210427DESMS,Handgun,39.2998339,-75.6046494
20210429NYURB,Handgun,40.6526006,-73.9497211
20210429CAVIV,Handgun,34.5361067,-117.2911565
20210430INMAI,Handgun,39.7683331,-86.1583502
20210501MNBES,Handgun,44.9497487,-93.0931028
20210502ILCHC,Handgun,41.8755616,-87.6244212
20210506IDRIR,Handgun,43.6751937,-111.918002
19890209IDRIR,Handgun,,
20210506SCFOC,Rifle,34.0521375,-80.9503838
20210505MICRC,Handgun,42.8408622,-85.663638
20210505SCWAW,Handgun,,
20210514CASAS,Handgun,37.496904,-122.3330573
20210511CAVEL,Other,34.0536909,-118.242766
20210517TNAUM,Handgun,35.1185491,-89.904645
20210517MDLOC,Handgun,38.7932703,-77.0009707
20210511NYPSB,Handgun,40.6526006,-73.9497211
20210525NJPAP,Rifle,40.9167654,-74.171811
20210601ILLIC,Handgun,,
20210606VADRA,Handgun,38.8903961,-77.0841585
20210607TXEAF,Handgun,32.7489425,-97.2318032
20210608KSHAK,,39.1134562,-94.626497
20210609TXNOH,Handgun,29.7589382,-95.3676974
20210609VAWIR,Handgun,,
20210610CTHOW,Handgun,41.5538091,-73.0438362
20210612MOMCF,Handgun,38.7919683,-90.3227803
20210613PAWIP,Handgun,39.9527237,-75.1635262
20210613PAPAC,,41.0389186,-76.4191791
20210614TXEAF,Handgun,32.7489425,-97.2318032
20210614NCRJW,Handgun,36.0998131,-80.2440518
20210614NCRJW,Rifle,36.0998131,-80.2440518
20210614NCROR,Handgun,,
20210620CAGRM,Handgun,37.6390972,-120.9968782
20210624ILABR,,,
20210608PAMUS,Handgun,41.2331116,-80.4934035
20210628CASLF,,36.7394421,-119.7848307
20210704NYDRR,,,
20210708ILBEC,Handgun,41.8755616,-87.6244212
20210709KSCAW,Handgun,37.6922361,-97.3375448
20210718ARFOL,Handgun,,
20210719TXCAC,Other,29.8298971,-97.5959641
20210721ILTHC,,,
20210727WATYS,Handgun,,
20210517TXBRE,Other,31.7550511,-106.488234
20210806LASTH,Handgun,29.5957696,-90.7195348
20210807ORGIP,,,
20210805GACHD,,33.7514966,-84.7477136
20210811COMAC,,,
20210810OHEAC,Handgun,39.9622601,-83.0007065
20210812CANOS,Handgun,33.7839664,-116.9589086
20210812GALIL,Handgun,,
20210813NMWAA,Handgun,35.0841034,-106.650985
20210811CAOAO,Handgun,,
20210813GACAS,Handgun,33.883887,-84.5147454
20210814ILMAC,,41.8755616,-87.6244212
20180425NMHIA,Handgun,35.0841034,-106.650985
20210814SCDAH,Other,34.3193478,-79.8813132
20210818SCORO,Handgun,33.517758,-80.833277
20210818SCORO,Handgun,33.517758,-80.833277
20210815VAROD,Handgun,38.6334525,-77.3204963
20210820NEMIO,,41.2587459,-95.9383758
20210820CACEF,Handgun,36.7394421,-119.7848307
20210822ILWER,Handgun,42.2713945,-89.093966
20170813NYHUH,,42.2528649,-73.790959
20210901NCMTW,Handgun,36.0998131,-80.2440518
20210830NCNEW,Handgun,34.2257282,-77.9447107
20210827INHAH,Handgun,41.5833618,-87.5000081
20210826OHNOT,Handgun,41.6529143,-83.5378173
20210826NYHAH,Handgun,40.8256537,-73.2026138
20210828CASAS,Handgun,,
20210902ARLIL,Handgun,34.7465071,-92.2896267
20210907PAHAH,Handgun,40.2663107,-76.8861122
20210907TNLAL,Handgun,35.9893704,-86.5694979
20210907MAOMG,Other,42.6159286,-70.6619888
20210908MNPRB,Handgun,45.1004807,-93.3443585
20210909ILCHC,Handgun,40.1164841,-88.2430932
20210909MITRF,Handgun,42.4605917,-83.1346478
20210902INWEG,Handgun,41.6020962,-87.3370647
20210903CAMTH,Handgun,37.6688205,-122.080796
20210909NCSHE,,36.2956836,-76.2247697
20210910CONOA,Handgun,33.9877582,-117.5637605
20210910CASTP,Other,37.4443293,-122.1598465
20210903NVDEL,Handgun,36.1672559,-115.148516
20210901ILFRC,Handgun,41.8755616,-87.6244212
20210826WAAKS,Handgun,47.5465855,-122.2821024
20210827KYAPO,Handgun,37.7742152,-87.1133304
20030410CAWAW,Handgun,33.7085883,-117.7926096
20210915KYMAL,Handgun,38.0464066,-84.4970393
20210915ILCEC,Handgun,,
20210908ILCEC,Handgun,40.1164841,-88.2430932
20210916WIORM,Handgun,,
20210916UTPRP,Other,40.2499433,-111.7157768
20210917NCPAW,Handgun,36.0998131,-80.2440518
20210917VAHEH,Handgun,37.5131191,-77.3465081
20210917PAWEP,Handgun,,
20210917GASWS,Handgun,32.5973857,-82.3337376
20210918COWIC,Handgun,38.8339578,-104.825348
20210917TNAUK,Handgun,,
20210914MOMCH,Handgun,38.7761446,-90.3715909
20210914TNLAL,Handgun,35.9893704,-86.5694979
20210913SCEDC,Handgun,34.7389581,-80.1177871
20210902CASAL,Handgun,34.0536909,-118.242766
20210902CASAL,Handgun,34.0536909,-118.242766
20210920OHEAC,Handgun,,
20210920OHEAC,Handgun,,
20210921GAFRA,Handgun,33.7489924,-84.3902644
20210921PAVAP,Handgun,39.9527237,-75.1635262
20210920VAHEN,Handgun,36.9775016,-76.42977
20210921OHMIM,Other,39.5150576,-84.3982763
20210921KSEAW,Handgun,37.6922361,-97.3375448
20210922NYSOB,Handgun,,
20210922CTLIN,,41.3082138,-72.9250518
20210921FLLAL,Other,30.0564206,-81.8222743
20210915VASPS,Other,,
20210924MDWIB,Handgun,39.2908816,-76.610759
20210924ALFAF,,33.4859402,-86.9119366
20210924VAESE,Handgun,37.9140592,-76.9326385
20210903NCJUC,Handgun,35.2272086,-80.8430827
20210903CABUB,Handgun,33.870413,-117.9962165
20210927ILCAC,Other,,
20210902GAWOS,Handgun,33.5442781,-84.2338093
20210902NMALA,Handgun,35.0841034,-106.650985
20210928MESOS,Handgun,43.6414716,-70.2408811
20210902CASAL,Handgun,34.0536909,-118.242766
20210902CASAL,Handgun,34.0536909,-118.242766
20210830FLOKW,Other,,
20210830MDNEO,Handgun,39.4105423,-76.7916963
20210830NJWEN,Handgun,40.735657,-74.1723667
20210929OHSHS,Handgun,41.4739419,-81.5370671
20210924TNSTS,Handgun,30.5999151,-85.677986
20210924TNSTS,Rifle,30.5999151,-85.677986
20210930TNCUM,Handgun,35.1185491,-89.904645
20210827VAFRW,Handgun,38.6817233,-77.3020095
20210930MSNEN,Handgun,32.3882835,-89.1317486
20190809NJWEN,Handgun,,
20211001TXYEH,Rifle,29.7589382,-95.3676974
20211001INBEI,Handgun,39.7683331,-86.1583502
20211001NCSEF,Handgun,35.0525759,-78.878292
20211001NJCHC,Handgun,39.9348351,-75.0307264
20211001NCNOD,Handgun,35.996653,-78.9018053
20211004PASCP,Handgun,39.9527237,-75.1635262
20211004PASCP,Rifle,39.9527237,-75.1635262
20211004OHWOT,Handgun,,
20211005NDHEH,Handgun,46.4448014,-102.4167046
20211005NCGAC,Handgun,35.2272086,-80.8430827
20210923IDRIR,Handgun,43.6751937,-111.918002
20211004ILLAC,Handgun,,
20211006TXTIA,Handgun,32.7355816,-97.1071186
20211007PAANP,,39.9527237,-75.1635262
20211007DCWAW,Handgun,38.8950368,-77.0365427
20211007TXEAW,Rifle,29.8202205,-94.3840777
20211012ILWEC,Handgun,41.8755616,-87.6244212
20211012ARLIL,,34.7465071,-92.2896267
20211007NCEAD,Handgun,35.996653,-78.9018053
20211012OKUNT,Other,36.1563122,-95.9927516
20211013ILMCC,,41.8755616,-87.6244212
20211008OKCOC,,34.6557505,-98.4485103
20211012MIELK,Handgun,42.291707,-85.5872286
20211015ALWIM,Handgun,30.6913462,-88.0437509
20211014MEREP,,43.6592687,-70.2572642
20211013PACHD,Other,39.9470567,-75.2921301
20211015CAKEF,Handgun,36.7394421,-119.7848307
20211018PALIP,Handgun,39.9527237,-75.1635262
20211011ORROP,Handgun,,
20211017ARROR,Rifle,36.3330154,-94.1166283
20211021GABES,,32.0790074,-81.0921335
20211022PAPHP,Handgun,39.9527237,-75.1635262
20211021NYPSB,Handgun,40.8466508,-73.8785937
20211026MSCAN,Shotgun,31.5604076,-91.403171
20211026ILWIC,Handgun,41.8755616,-87.6244212
20211027SCCAS,Handgun,33.6625264,-80.7945862
20211030PASTM,Handgun,40.4493469,-80.1192091
19920530DCARW,Handgun,38.8950368,-77.0365427
20211108NYTHB,Handgun,40.8466508,-73.8785937
19930912ALFAF,Handgun,33.4859402,-86.9119366
19901110TXJUD,Handgun,32.7476761,-96.8205751
20211109NMMEL,Handgun,32.3140354,-106.779807
20211106FLOVO,Handgun,28.6702526,-81.2084941
19890901VASAV,Handgun,36.7829597,-76.1436111
20211110NYITI,,,
20211115NYPOP,Handgun,41.7065539,-73.9283672
20211119COHIA,Handgun,39.7405111,-104.830994
20211116FLJAJ,,30.3321838,-81.655651
20211119MDGIB,,39.2908816,-76.610759
20211116NYPSB,Handgun,40.8466508,-73.8785937
20211124ILTHH,,,
20211123OHCLC,Handgun,41.4996574,-81.6936772
20211126CAWES,Handgun,37.3361663,-121.890591
20211129AZCHP,Handgun,33.4484367,-112.074141
20211130MIOXO,Handgun,42.8247524,-83.2646624
20211125SCCEP,,,
20211202WAGAS,Handgun,47.6055267,-122.3012677
20211201TXSAP,Handgun,29.6771666,-95.181831
20211130TNHUH,Handgun,35.840251,-88.907951
20211130CALOL,Other,34.0536909,-118.242766
20211102NMHIH,Other,32.707667,-103.1311314
20211206CAWIW,Rifle,33.7800164,-118.262509
20211203ARBLB,Handgun,35.6636886,-91.8476443
20211208MOEWK,Handgun,,
20211207ILHAC,Handgun,41.8755616,-87.6244212
20211208KYSTL,,38.2542376,-85.759407
20211206NYSUS,Handgun,40.5834557,-74.1496048
20211210NCJEC,,35.569306,-80.5817318
20211209NYGRN,Handgun,40.7127281,-74.0060152
20211210OHCAC,Handgun,39.8428215,-82.805646
20211211GAJOG,Handgun,33.0095802,-83.5337816
20211211FLEDL,Handgun,26.7615384,-81.4385828
20211213NCWEC,Handgun,35.2272086,-80.8430827
20211212NYSCR,Handgun,43.157285,-77.615214
20211213FLEAO,Handgun,,
20211214VAMEN,Handgun,36.9775016,-76.42977
20211214WISOM,Handgun,43.0134092,-87.9306114
20211129ILWER,Handgun,,
20211216SCEAC,Handgun,34.047662,-81.043323
20211216NYPSB,Handgun,,
20200419NCABR,Handgun,35.7803977,-78.6390989
20211217TXWOD,Other,30.0473202,-94.8873913
19930108PACRM,Handgun,41.641445,-80.151449
19930203SCGAC,Handgun,32.862495,-79.9991501
19930203SCLEL,Handgun,33.9770829,-81.3058581
19920117SCGRG,Handgun,34.2303647,-82.1772586
20211229NCCAS,Handgun,35.6709727,-80.4742261
19920930CAPAL,Handgun,34.0536909,-118.242766
20220103WACHP,Handgun,45.5202471,-122.674194
20220104ILAUR,Handgun,42.2713945,-89.093966
20220103OHCOC,,,
20220106CAFLS,Handgun,38.5810606,-121.493895
20220111NMVAA,,,
20170127ILSCN,Handgun,41.7728699,-88.1479278
20220117TXPYH,Handgun,29.7589382,-95.3676974
20220119FLSES,Handgun,28.8117345,-81.2680223
20220119VAMAP,Handgun,36.8320081,-76.297699
20220119VAMAP,Handgun,36.8320081,-76.297699
20220119DCANW,Handgun,38.8950368,-77.0365427
20220121MDMAR,Handgun,39.0817985,-77.1516844
20220127TXMOH,Handgun,29.7589382,-95.3676974
20220126PABAP,Handgun,39.9527237,-75.1635262
20220114MDGAG,Rifle,,
20220129WIBEB,Handgun,42.5139036,-89.0370544
20220124NVSUL,,36.1672559,-115.148516
20220121GAMCA,,,
20220201MNSOR,,44.8766431,-93.2877877
20220201WIRUM,Handgun,43.09234,-87.9331629
20220201WIRUM,Handgun,43.09234,-87.9331629
20220128LACAM,Handgun,32.5102427,-92.1032411
20220202KYLOR,,36.8453199,-86.887219
20220204GASOD,Handgun,30.8736613,-84.5740953
20220204ALWEB,Handgun,33.5206824,-86.8024326
20220208MDCAC,Handgun,39.2720504,-76.7318456
20220208NYMOM,Handgun,,
20220209NYMCB,Handgun,42.8867166,-78.8783922
20220209MNMIM,,44.9772995,-93.2654692
20220203NCSPS,,,
20220211DCEAW,Handgun,,
20220201ILALC,Handgun,41.8755616,-87.6244212
20220217WAMCG,Handgun,46.254866,-119.9124078
20220219VACAC,,,
20220218MATET,Other,42.6106479,-71.2342248
20220220OKWIW,Handgun,34.1620385,-97.4258551
20220221MDJOH,Handgun,38.9529442,-76.9408647
20220220MSMCM,,31.2437872,-90.4531536
20220222COLIP,Handgun,38.2544472,-104.609141
20220225NMWEA,Handgun,35.0841034,-106.650985
20220225ALSOH,Handgun,34.729847,-86.5859011
20220223VAWOW,Handgun,38.6817233,-77.3020095
20220222TXALH,Handgun,29.7589382,-95.3676974
20220214FLLAL,Handgun,30.1894252,-82.6394803
20220227DCDUW,Handgun,38.8950368,-77.0365427
20220228NYBOB,Handgun,40.6526006,-73.9497211
20220303MIJWL,Handgun,42.7337712,-84.5553805
20220304KSOLO,Handgun,38.8838856,-94.81887
20220307IAEAD,Handgun,41.5910323,-93.6046655
20220309TXNOH,Handgun,29.7589382,-95.3676974
20220309FLNOM,Handgun,25.9420377,-80.2456045
20220309FLNOM,Rifle,25.9420377,-80.2456045
20220310MDCOL,Handgun,38.9340002,-76.8966397
20220309NMESE,Other,35.9910962,-106.0808358
20220310COROH,Other,39.5497243,-104.9695655
20220311OHFAP,Handgun,38.438232,-82.3811273
20220311CADER,Handgun,37.9357576,-122.347748
20220311OHMAM,,40.75839,-82.5154471
20220311WIJER,Handgun,42.76303,-87.791429
20220310TNHAM,Handgun,35.100748,-90.0164714
20220315WAEIY,Handgun,46.5916926,-120.5669849
20220315MATEB,Handgun,42.3554334,-71.060511
20220315MDPAB,Handgun,39.2908816,-76.610759
20220314CAKRP,Handgun,33.8714814,-117.8617337
20220313PANEP,,,
20220313PANEP,,,
20220316CALOR,Handgun,33.9824949,-117.3742389
20220317AKREW,Handgun,,
20220318ILBAB,Other,42.1539141,-88.1361888
20220319ALCEL,Handgun,34.7736807,-86.5675095
20220315GAFOF,Handgun,,
20220321MSLEP,,30.3646795,-88.5585995
20220321AZDES,Handgun,33.4942189,-111.926018
20220322VAJAR,Handgun,37.3080557,-79.9842094
20220321MIMAK,Handgun,42.5817552,-87.8961162
20220322TXWOD,Handgun,32.7810789,-96.690261
20220318RICEP,Other,41.8239891,-71.4128343
20220322FLNEN,Other,29.0258132,-80.9271271
20220324VARIW,Rifle,38.6817233,-77.3020095
20220325TXROR,Other,32.9761045,-96.331334
20220325TNBRM,Handgun,35.1185491,-89.904645
20220325UTHIS,Handgun,40.724043,-111.842024
20220325UTHIS,Other,40.724043,-111.842024
20220328NCOAC,Handgun,35.2272086,-80.8430827
20220329NVWEL,Handgun,,
20220330GABOA,Handgun,33.7489924,-84.3902644
20220331PAACP,Handgun,39.9527237,-75.1635262
20220328TXNOF,Handgun,,
20220329VALUR,Handgun,37.3080557,-79.9842094
20220330AZKIK,Handgun,35.189443,-114.0530065
20220405PAERE,Handgun,42.1294712,-80.0852695
20220406WVRIR,Handgun,38.81099,-81.70218
20220406ORROP,Handgun,45.5202471,-122.674194
20220410MALYL,Handgun,42.466763,-70.9494939
20220406WASTM,Other,47.5687675,-122.2227757
20220411ARPIP,Handgun,,
20220413MISHS,Other,42.2037103,-83.2067556
20220414MSNEP,Other,32.7703841,-89.1153488
20220415VAGAW,Handgun,38.6817233,-77.3020095
20220403INBLB,Handgun,39.1670396,-86.5342881
20220416IAMED,Handgun,,
20220421NDMOM,Handgun,,
20220422ORHOS,Handgun,,
20220422DCEDW,Rifle,38.8950368,-77.0365427
20220422DCEDW,Handgun,38.8950368,-77.0365427
20220424MOHAF,Handgun,38.7919683,-90.3227803
20220425WIWIM,Handgun,43.0437405,-87.9286541
20220426MIASI,Handgun,46.623266,-87.6767541
20220426GASOM,Handgun,32.8406946,-83.6324022
20220426GASOM,Other,32.8406946,-83.6324022
20220427TXMOS,Handgun,,
20220427INCOS,Other,41.6833813,-86.2500066
20220422CAMOR,Rifle,40.5863563,-122.391675
20220501OHHAC,Handgun,39.9622601,-83.0007065
20220501VALOM,Handgun,38.7509488,-77.4752667
20220430PAMCJ,Handgun,40.3281247,-79.6153198
20220503CAARS,,34.8253019,-116.0833144
20220505OHLOL,Handgun,41.0359418,-80.5362257
20220505ALDOD,Other,31.2237285,-85.3934375
20220509GARIS,Handgun,34.0514898,-84.0712997
20220509NYEDS,Handgun,40.5834557,-74.1496048
20220511FLJAJ,,30.3321838,-81.655651
20220512TXHEH,,29.7589382,-95.3676974
20220513FLALW,Handgun,,
20220512ARHOH,Handgun,35.8272257,-90.6949871
20220513GASOM,,,
20220515ILMEP,Handgun,41.6086711,-88.2054345
20220516TXMEM,Handgun,,
20220517ILWAC,Handgun,41.8755616,-87.6244212
20220517CASAS,,37.7790262,-122.419906
20220515NHBEB,Other,43.4454035,-71.478381
20220518FLPAP,Handgun,27.5214269,-82.5723193
20220518TNRIM,Handgun,35.813606,-86.410831
20220519LAHAH,Handgun,30.5043583,-90.4611995
20220519MIEAK,,42.8694731,-85.6447492
20220519VAGER,,37.5535535,-77.4114918
20220520ILSOP,Handgun,39.6078254,-90.805129
20220520VAPOD,Handgun,38.5676202,-77.3280382
20220520TNEAC,,34.998718,-85.2793086
20220520OHCAC,Other,39.8428215,-82.805646
20220520ALMAT,,33.2095614,-87.5675258
20220523PASIP,Handgun,39.9527237,-75.1635262
20220524TXROU,Rifle,29.1988371,-99.7890016
20220524DCPOW,Handgun,38.8950368,-77.0365427
20220526SCMEG,,33.0143528,-80.0005349
20220524WIRIM,Handgun,,
20220526TXDUA,Handgun,32.7355816,-97.1071186
20220529ILDAC,Rifle,41.8755616,-87.6244212
20220529ILDAC,Handgun,41.8755616,-87.6244212
20220530CAHEL,Handgun,32.7678288,-117.0230839
20220531LAMON,Handgun,29.951065,-90.071533
20220601CAULL,Handgun,34.052235,-118.243683
